Nome do evento;Conf;Tema;Data;Local;Locale;Tipo evento;Código ONU;Comentário;Lista MEA;Destaque;Coleta
Ad Hoc Working Group of Legal and Technical Experts for the Elaboration of a Global Framework Convention for the Protection of the Ozone Layer, Session 01;Vienna Convention for the Protection of the Ozone Layer;Ozônio;1982-01;Estocolmo;Stockholm, Sweden;Prep/Negotiation committees (pre-treaty);;;Sim;Sim;Não
Ad Hoc Working Group of Legal and Technical Experts for the Elaboration of a Global Framework Convention for the Protection of the Ozone Layer, Session 02;Vienna Convention for the Protection of the Ozone Layer;Ozônio;1982-12;Genebra;Geneva, Switzerland;Prep/Negotiation committees (pre-treaty);;;Sim;Sim;Não
Ad Hoc Working Group of Legal and Technical Experts for the Elaboration of a Global Framework Convention for the Protection of the Ozone Layer, Session 03;Vienna Convention for the Protection of the Ozone Layer;Ozônio;1984-01;Viena;Vienna, Austria;Prep/Negotiation committees (pre-treaty);;;Sim;Sim;Não
Ad Hoc Working Group of Legal and Technical Experts for the Elaboration of a Global Framework Convention for the Protection of the Ozone Layer, Session 04;Vienna Convention for the Protection of the Ozone Layer;Ozônio;1984-10;Genebra;Geneva, Switzerland;Prep/Negotiation committees (pre-treaty);;;Sim;Sim;Não
Ad Hoc Working Group of Legal and Technical Experts for the Preparation of a Protocol on Chlorofluorocarbons to the Vienna Convention for the Protection of the Ozone Layer, Session 01;Montreal Protocol on Substances that Deplete the Ozone Layer;Ozônio;1986-12;Genebra;Geneva, Switzerland;Prep/Negotiation committees (pre-treaty);;;Sim;Sim;Não
Ad Hoc Working Group of Legal and Technical Experts for the Preparation of a Protocol on Chlorofluorocarbons to the Vienna Convention for the Protection of the Ozone Layer, Session 02;Montreal Protocol on Substances that Deplete the Ozone Layer;Ozônio;1987-02;Viena;Vienna, Austria;Prep/Negotiation committees (pre-treaty);;;Sim;Sim;Sim
Ad Hoc Working Group of Legal and Technical Experts for the Preparation of a Protocol on Chlorofluorocarbons to the Vienna Convention for the Protection of the Ozone Layer, Session 03;Montreal Protocol on Substances that Deplete the Ozone Layer;Ozônio;1987-04;Genebra;Geneva, Switzerland;Prep/Negotiation committees (pre-treaty);;;Sim;Sim;Não
Ad Hoc Working Group of Legal and Technical Experts with a Mandate to Prepare a Global Convention on the Control of Transboundary Movements of Hazardous Wastes, Negotiation 1;Basel Convention on the Control of Transboundary Movements of Hazardous Wastes and their Disposal;Lixo tóxico e químicos;1988-02;Genebra;Geneva, Switzerland;Prep/Negotiation committees (pre-treaty);UNEP/WG.182;Brasil não participa http://www.basel.int/TheConvention/Overview/History/Documents/tabid/3407/Default.aspx;Sim;Sim;Sim
Ad Hoc Working Group of Legal and Technical Experts with a Mandate to Prepare a Global Convention on the Control of Transboundary Movements of Hazardous Wastes, Negotiation 2;Basel Convention on the Control of Transboundary Movements of Hazardous Wastes and their Disposal;Lixo tóxico e químicos;1988-06;Caracas;Caracas, Venezuela;Prep/Negotiation committees (pre-treaty);UNEP/WG.186;http://www.basel.int/TheConvention/Overview/History/Documents/tabid/3407/Default.aspx;Sim;Sim;Não
Ad Hoc Working Group of Legal and Technical Experts with a Mandate to Prepare a Global Convention on the Control of Transboundary Movements of Hazardous Wastes, Negotiation 3;Basel Convention on the Control of Transboundary Movements of Hazardous Wastes and their Disposal;Lixo tóxico e químicos;1988-11;Genebra;Geneva, Switzerland;Prep/Negotiation committees (pre-treaty);UNEP/WG.189;http://www.basel.int/TheConvention/Overview/History/Documents/tabid/3407/Default.aspx;Sim;Sim;Não
Ad Hoc Working Group of Legal and Technical Experts with a Mandate to Prepare a Global Convention on the Control of Transboundary Movements of Hazardous Wastes, Negotiation 4;Basel Convention on the Control of Transboundary Movements of Hazardous Wastes and their Disposal;Lixo tóxico e químicos;1989-02;Luxemburgo;Luxembourg, Luxembourg;Prep/Negotiation committees (pre-treaty);UNEP/WG.190;http://www.basel.int/TheConvention/Overview/History/Documents/tabid/3407/Default.aspx;Sim;Sim;Não
Ad Hoc Working Group of Legal and Technical Experts with a Mandate to Prepare a Global Convention on the Control of Transboundary Movements of Hazardous Wastes, Negotiation 5;Basel Convention on the Control of Transboundary Movements of Hazardous Wastes and their Disposal;Lixo tóxico e químicos;1989-03;Basileia;Basel, Switzerland;Prep/Negotiation committees (pre-treaty);UNEP/WG.191;http://www.basel.int/TheConvention/Overview/History/Documents/tabid/3407/Default.aspx;Sim;Sim;Não
Ad Hoc Working Group of Legal and Technical Experts with a Mandate to Prepare a Global Convention on the Control of Transboundary Movements of Hazardous Wastes, Organizational Meeting;Basel Convention on the Control of Transboundary Movements of Hazardous Wastes and their Disposal;Lixo tóxico e químicos;1987-10;Budapeste;Budapest, Hungary;Prep/Negotiation committees (pre-treaty);UNEP/WG.180;Brasil não participa http://www.basel.int/TheConvention/Overview/History/Documents/tabid/3407/Default.aspx;Sim;Sim;Sim
AFS, CONF;International Convention on the Control of Harmful Anti-Fouling Systems on Ships;Oceano;2001-05;;;Conference of plenipotentiaries;;;;Não;Não
CBD, Ad Hoc Working Group of Experts on Biological Diversity, 1;Convention on Biological Diversity;Biodiversidade - CBD;1988-11;Genebra;Geneva, Switzerland;Prep/Negotiation committees (pre-treaty);UNEP/Bio.Div.1/3;Report;Sim;Sim;Sim
CBD, Ad Hoc Working Group of Experts on Biological Diversity, 2;Convention on Biological Diversity;Biodiversidade - CBD;1990-02;Genebra;Geneva, Switzerland;Prep/Negotiation committees (pre-treaty);UNEP/Bio.Div.2/3 Annex II;Report;Sim;Sim;Sim
CBD, Ad Hoc Working Group of Experts on Biological Diversity, 3;Convention on Biological Diversity;Biodiversidade - CBD;1990-07;Genebra;Geneva, Switzerland;Prep/Negotiation committees (pre-treaty);UNEP/Bio.Div.3/Inf.7;;Sim;Sim;Sim
CBD, Ad Hoc Working Group of Legal and Technical Experts on Biological Diversity, 1;Convention on Biological Diversity;Biodiversidade - CBD;1990-11;Nairobi;Nairobi, Kenya;Prep/Negotiation committees (pre-treaty);UNEP/Bio.Div/WG.2/1;;Sim;Sim;Não
CBD, Ad Hoc Working Group of Legal and Technical Experts on Biological Diversity, 2;Convention on Biological Diversity;Biodiversidade - CBD;1991-03;Nairobi;Nairobi, Kenya;Prep/Negotiation committees (pre-treaty);UNEP/Bio.Div/WG.2;;Sim;Sim;Não
CBD, Ad Hoc Working Group of Legal and Technical Experts on Biological Diversity, 3;Convention on Biological Diversity;Biodiversidade - CBD;1991-07;Madri;Madrid, Spain;Prep/Negotiation committees (pre-treaty);UNEP/Bio.Div/WG.2;É a mesma de INC 1?;Sim;Sim;Não
CBD, CONF;Convention on Biological Diversity;Biodiversidade - CBD;1992-05;Nairobi;Nairobi, Kenya;Conference of plenipotentiaries;UNEP/BIODIV/CONF/;Conference for the Adoption of the Convention on Biological Diversity;Sim;Sim;Não
CBD, COP01;Convention on Biological Diversity;Biodiversidade - CBD;1994-12;Nassau;Nassau, Bahamas;Main regular party meetings (COP, MOP, etc);UNEP/CBD/COP;UN ODS;Sim;Sim;Sim
CBD, COP02;Convention on Biological Diversity;Biodiversidade - CBD;1995-11;Jacarta;Jakarta, Indonesia;Main regular party meetings (COP, MOP, etc);UNEP/CBD/COP;BUSCAR: https://www.cbd.int;Sim;Sim;Sim
CBD, COP03;Convention on Biological Diversity;Biodiversidade - CBD;1996-11;Buenos Aires;Buenos Aires, Argentina;Main regular party meetings (COP, MOP, etc);UNEP/CBD/COP;Coleta via LAI 09002.001097/2021-65;Sim;Sim;Sim
CBD, COP04;Convention on Biological Diversity;Biodiversidade - CBD;1998-05;Bratislava;Bratislava, Slovakia;Main regular party meetings (COP, MOP, etc);UNEP/CBD/COP;LAI  09002.001098/2021-18;Sim;Sim;Sim
CBD, COP05;Convention on Biological Diversity;Biodiversidade - CBD;2000-05;Nairobi;Nairobi, Kenya;Main regular party meetings (COP, MOP, etc);UNEP/CBD/COP;Coleta via LAI 09002.001099/2021-54;Sim;Sim;Sim
CBD, COP06;Convention on Biological Diversity;Biodiversidade - CBD;2002-04;Haia;The Hague, Netherlands;Main regular party meetings (COP, MOP, etc);UNEP/CBD/COP;LAI 09002.001100/2021-41;Sim;Sim;Sim
CBD, COP07;Convention on Biological Diversity;Biodiversidade - CBD;2004-02;Kuala Lumpur;Kuala Lumpur, Malaysia;Main regular party meetings (COP, MOP, etc);UNEP/CBD/COP;LAI 09002.001102/2021-30;Sim;Sim;Sim
CBD, COP08;Convention on Biological Diversity;Biodiversidade - CBD;2006-03;Curitiba;Curitiba, Brazil;Main regular party meetings (COP, MOP, etc);UNEP/CBD/COP;UN ODS;Sim;Sim;Sim
CBD, COP09;Convention on Biological Diversity;Biodiversidade - CBD;2008-05;Bonn;Bonn, Germany;Main regular party meetings (COP, MOP, etc);UNEP/CBD/COP;;Sim;Sim;Sim
CBD, COP10;Convention on Biological Diversity;Biodiversidade - CBD;2010-10;Nagoya;Nagoya, Japan;Main regular party meetings (COP, MOP, etc);UNEP/CBD/COP;Coleta via LAI  09002.001092/2021-32;Sim;Sim;Sim
CBD, COP11;Convention on Biological Diversity;Biodiversidade - CBD;2012-10;Hyderabad;Hyderabad, India;Main regular party meetings (COP, MOP, etc);UNEP/CBD/COP;LAI 09002.001093/2021-87;Sim;Sim;Sim
CBD, COP12;Convention on Biological Diversity;Biodiversidade - CBD;2014-10;Pyeongchang;Pyeongchang, South Korea;Main regular party meetings (COP, MOP, etc);UNEP/CBD/COP;Coleta via LAI 09002.001094/2021-21;Sim;Sim;Sim
CBD, COP13;Convention on Biological Diversity;Biodiversidade - CBD;2016-12;Cancun;Cancun, Mexico;Main regular party meetings (COP, MOP, etc);UNEP/CBD/COP;LAI 09002.001095/2021-76;Sim;Sim;Sim
CBD, COP14;Convention on Biological Diversity;Biodiversidade - CBD;2018-11;Sharm El-Sheikh;Sharm El-Sheikh, Egypt;Main regular party meetings (COP, MOP, etc);UNEP/CBD/COP;LAI 09002.001096/2021-11;Sim;Sim;Sim
CBD, EXCOP01-01;Convention on Biological Diversity;Biodiversidade - CBD;1999-02;Cartagena;Cartagena, Colombia;Main regular party meetings (COP, MOP, etc);UNEP/CBD/EXCOP/1/Inf.1;UN ODS;Sim;Sim;Sim
CBD, EXCOP01-02;Convention on Biological Diversity;Biodiversidade - CBD;2000-01;Montreal;Montreal, Canada;Main regular party meetings (COP, MOP, etc);UNEP/CBD/EXCOP/1/Inf.4;"Resumed session
UN ODS";Sim;Sim;Sim
CBD, N3 / INC, 1;Convention on Biological Diversity;Biodiversidade - CBD;1991-07;Madri;Madrid, Spain;Prep/Negotiation committees (pre-treaty);UNEP/Bio.Div/INC.3;É a mesma de Ad Hoc Legal and Tech 3?;Sim;Sim;Não
CBD, N4 / INC, 2;Convention on Biological Diversity;Biodiversidade - CBD;1991-10;Nairobi;Nairobi, Kenya;Prep/Negotiation committees (pre-treaty);UNEP/BIODIV/N4-INC2; 4th Negotiating Session / INC on Biodiv, 2;Sim;Sim;Não
CBD, N5 / INC, 3;Convention on Biological Diversity;Biodiversidade - CBD;1991-12;Genebra;Geneva, Switzerland;Prep/Negotiation committees (pre-treaty);;;Sim;Sim;Não
CBD, N6 / INC, 4;Convention on Biological Diversity;Biodiversidade - CBD;1992-02;Nairobi;Nairobi, Kenya;Prep/Negotiation committees (pre-treaty);;;Sim;Sim;Não
CBD, N7 / INC, 5;Convention on Biological Diversity;Biodiversidade - CBD;1992-05;Nairobi;Nairobi, Kenya;Prep/Negotiation committees (pre-treaty);UNEP/BIODIV/N7-INC5/1;;Sim;Sim;Não
CBD, Sub-Working Group on Biotechnology;Convention on Biological Diversity;Biodiversidade - CBD;1990-11;Nairobi;Nairobi, Kenya;Prep/Negotiation committees (pre-treaty);UNEP/Bio.DivISWGB.;;Sim;Sim;Não
CCOL, 01;Coordinating Committee on the Ozone Layer;Ozônio;1977-11;;;Prep/Negotiation committees (pre-treaty);;ver https://doi.org/10.1017/S0376892900005725;Não;Não;Não
CCOL, 02;Coordinating Committee on the Ozone Layer;Ozônio;1978;;;Prep/Negotiation committees (pre-treaty);;;Não;Não;Não
CCOL, 03;Coordinating Committee on the Ozone Layer;Ozônio;1979;;;Prep/Negotiation committees (pre-treaty);;;Não;Não;Não
CCOL, 04;Coordinating Committee on the Ozone Layer;Ozônio;1980-11;Bilthoven;Bilthoven, Netherlands;Prep/Negotiation committees (pre-treaty);;Brasil não participa;Não;Não;Sim
CCOL, 05;Coordinating Committee on the Ozone Layer;Ozônio;1981-10;Copenhagen;Copenhagen, Denmark;Prep/Negotiation committees (pre-treaty);;;Não;Não;Não
CCOL, 06;Coordinating Committee on the Ozone Layer;Ozônio;1983-04;Genebra;Geneva, Switzerland;Prep/Negotiation committees (pre-treaty);;Brasil não participa;Não;Não;Sim
CCOL, 07;Coordinating Committee on the Ozone Layer;Ozônio;;;;Prep/Negotiation committees (pre-treaty);;;Não;Não;Não
CCOL, 08-1;Coordinating Committee on the Ozone Layer;Ozônio;1986-02;Nairobi;Nairobi, Kenya;Prep/Negotiation committees (pre-treaty);;Brasil não participa;Não;Não;Sim
CCOL, 08-2;Coordinating Committee on the Ozone Layer;Ozônio;1986-11;Bilthoven;Bilthoven, Netherlands;Prep/Negotiation committees (pre-treaty);;Brasil não participa;Não;Não;Sim
CGRFA, 1st Extraordinary Session;International Treaty on Plant Genetic Resources for Food and Agriculture;Biodiversidade - Plantas;1994-11;Roma;Rome, Italy;Prep/Negotiation committees (pre-treaty);CPGR-EX1/94/REP;http://www.fao.org/plant-treaty/meetings/meetings-detail/en/c/397220/    Acho que é daqui que sai o mandato para negociar o tratado;Sim;Sim;Sim
CGRFA, 1st Meeting of the CGRFA acting as the Interim Committee for the International Treaty on Plant Genetic Resources...;International Treaty on Plant Genetic Resources for Food and Agriculture;Biodiversidade - Plantas;2002-10;Roma;Rome, Italy;Prep/Negotiation committees (pre-treaty);;Commission on Genetic Resources for Food and Agriculture;Sim;Sim;Não
CGRFA, 2nd Extraordinary Session;International Treaty on Plant Genetic Resources for Food and Agriculture;Biodiversidade - Plantas;1996-04;Roma;Rome, Italy;Prep/Negotiation committees (pre-treaty);CGRFA-Ex2/96/REP;Report, appendix H;Sim;Sim;Sim
CGRFA, 2nd Meeting of the CGRFA acting as the Interim Committee for the International Treaty on Plant Genetic Resources...;International Treaty on Plant Genetic Resources for Food and Agriculture;Biodiversidade - Plantas;2004-11;Roma;Rome, Italy;Prep/Negotiation committees (pre-treaty);;;Sim;Sim;Não
CGRFA, 3rd Extraordinary Session;International Treaty on Plant Genetic Resources for Food and Agriculture;Biodiversidade - Plantas;1996-12;Roma;Rome, Italy;Prep/Negotiation committees (pre-treaty);;Report;Sim;Sim;Sim
CGRFA, 4th Extraordinary Session;International Treaty on Plant Genetic Resources for Food and Agriculture;Biodiversidade - Plantas;1997-12;Roma;Rome, Italy;Prep/Negotiation committees (pre-treaty);;Report;Sim;Sim;Sim
CGRFA, 5th Extraordinary Session;International Treaty on Plant Genetic Resources for Food and Agriculture;Biodiversidade - Plantas;1998-06;Roma;Rome, Italy;Prep/Negotiation committees (pre-treaty);;Report;Sim;Sim;Sim
CGRFA, 6th Extraordinary Session;International Treaty on Plant Genetic Resources for Food and Agriculture;Biodiversidade - Plantas;2001-06;Roma;Rome, Italy;Prep/Negotiation committees (pre-treaty);;;Sim;Sim;Sim
CHW, CONF;Basel Convention on the Control of Transboundary Movements of Hazardous Wastes and their Disposal;Lixo tóxico e químicos;1989-03;Basileia;Basel, Switzerland;Conference of plenipotentiaries;UNEP/IG.80;"Doc interessante: lista os códigos de documentos dos preparatórios e fala que Brasil esteve em quatro deles. http://www.basel.int/TheConvention/Overview/History/Documents/tabid/3407/Default.aspx
Conference of Plenipotentiaries on the Global Convention on the Control of Transboundary Movements of Hazardous Wastes";Sim;Sim;Não
CHW, COP01;Basel Convention on the Control of Transboundary Movements of Hazardous Wastes and their Disposal;Lixo tóxico e químicos;1992-12;Piriapolis (URU);Piriapolis, Uruguay;Main regular party meetings (COP, MOP, etc);UNEP/CHW.1/Inf.1;;Sim;Sim;Não
CHW, COP02;Basel Convention on the Control of Transboundary Movements of Hazardous Wastes and their Disposal;Lixo tóxico e químicos;1994-03;Genebra;Geneva, Switzerland;Main regular party meetings (COP, MOP, etc);UNEP/CHW.2;;Sim;Sim;Não
CHW, COP03;Basel Convention on the Control of Transboundary Movements of Hazardous Wastes and their Disposal;Lixo tóxico e químicos;1995-09;Genebra;Geneva, Switzerland;Main regular party meetings (COP, MOP, etc);UNEP/CHW.3;;Sim;Sim;Não
CHW, COP04;Basel Convention on the Control of Transboundary Movements of Hazardous Wastes and their Disposal;Lixo tóxico e químicos;1998-02;Kuching;Kuching, Malaysia;Main regular party meetings (COP, MOP, etc);UNEP/CHW.4;;Sim;Sim;Não
CHW, COP05;Basel Convention on the Control of Transboundary Movements of Hazardous Wastes and their Disposal;Lixo tóxico e químicos;1999-12;Basileia;Basel, Switzerland;Main regular party meetings (COP, MOP, etc);UNEP/CHW.5;;Sim;Sim;Não
CHW, COP06;Basel Convention on the Control of Transboundary Movements of Hazardous Wastes and their Disposal;Lixo tóxico e químicos;2002-12;Genebra;Geneva, Switzerland;Main regular party meetings (COP, MOP, etc);UNEP/CHW.6/INF/1/Rev.1;"Todos os coletados daqui abaixo são basel.int. Nota no arquivo: 
THE FOLLOWING COUNTRIES WERE REPRESENTED BUT NO CREDENTIALS WERE SUBMITTED: ALBANIA, ANDORA, ANTIGUA AND BARBUDA,BARBADOS, BURUNDI, CAMEROON, COSTA RICA, DJIBOUTI, GUINEA, MALI, NIGERIA, PAPUA NEW GUINEA, PHILIPPINES, SYRIAN ARAB REPUBLIC, THE FORMER YUGOSLAV REPUBLIC OF MACEDONIA, VENEZUELA, YEMEN AND ZAMBIA";Sim;Sim;Sim
CHW, COP07;Basel Convention on the Control of Transboundary Movements of Hazardous Wastes and their Disposal;Lixo tóxico e químicos;2004-12;Genebra;Geneva, Switzerland;Main regular party meetings (COP, MOP, etc);UNEP/CHW.7/INF/1/Rev.1;;Sim;Sim;Sim
CHW, COP08;Basel Convention on the Control of Transboundary Movements of Hazardous Wastes and their Disposal;Lixo tóxico e químicos;2006-12;Nairobi;Nairobi, Kenya;Main regular party meetings (COP, MOP, etc);UNEP/CHW.8/INF/1/Rev.1;;Sim;Sim;Sim
CHW, COP09;Basel Convention on the Control of Transboundary Movements of Hazardous Wastes and their Disposal;Lixo tóxico e químicos;2008-06;Bali;Bali, Indonesia;Main regular party meetings (COP, MOP, etc);UNEP/CHW.9/INF/45;;Sim;Sim;Sim
CHW, COP10;Basel Convention on the Control of Transboundary Movements of Hazardous Wastes and their Disposal;Lixo tóxico e químicos;2011-10;Cartagena;Cartagena, Colombia;Main regular party meetings (COP, MOP, etc);UNEP/CHW.10/INF/57/Rev.1;;Sim;Sim;Sim
CHW, COP11;Basel Convention on the Control of Transboundary Movements of Hazardous Wastes and their Disposal;Lixo tóxico e químicos;2013-05;Genebra;Geneva, Switzerland;Main regular party meetings (COP, MOP, etc);UNEP/CHW.11;"UNEP-FAO-CHW-RC-POPS-EXCOPS.2-INF-26.English.pdf
Conferência feita em conjunto com COP e EXCOP das outras";Sim;Sim;Sim
CHW, COP12;Basel Convention on the Control of Transboundary Movements of Hazardous Wastes and their Disposal;Lixo tóxico e químicos;2015-05;Genebra;Geneva, Switzerland;Main regular party meetings (COP, MOP, etc);UNEP/CHW.12/INF/58;;Sim;Sim;Sim
CHW, COP13;Basel Convention on the Control of Transboundary Movements of Hazardous Wastes and their Disposal;Lixo tóxico e químicos;2017-05;Genebra;Geneva, Switzerland;Main regular party meetings (COP, MOP, etc);UNEP/CHW.13/INF/70;;Sim;Sim;Sim
CHW, COP14;Basel Convention on the Control of Transboundary Movements of Hazardous Wastes and their Disposal;Lixo tóxico e químicos;2019-05;Genebra;Geneva, Switzerland;Main regular party meetings (COP, MOP, etc);UNEP/CHW.14/INF/60;;Sim;Sim;Sim
CITES, Conf;Convention on International Trade in Endangered Species of Wild Fauna and Flora;Biodiversidade - Espécies;1973-03;Washington;Washington, United States of America;Conference of plenipotentiaries;;;Sim;Sim;Não
CITES, COP01;Convention on International Trade in Endangered Species of Wild Fauna and Flora;Biodiversidade - Espécies;1976-11;Berna;Bern, Switzerland;Main regular party meetings (COP, MOP, etc);;Brasil não participou, segundo report do comitê de credenciais;Sim;Sim;Sim
CITES, COP02;Convention on International Trade in Endangered Species of Wild Fauna and Flora;Biodiversidade - Espécies;1979-03;San José;San José, Costa Rica;Main regular party meetings (COP, MOP, etc);;;Sim;Sim;Sim
CITES, COP03;Convention on International Trade in Endangered Species of Wild Fauna and Flora;Biodiversidade - Espécies;1981-03;Nova Delhi;New Delhi, India;Main regular party meetings (COP, MOP, etc);;erro na lista observadores;Sim;Sim;Sim
CITES, COP04;Convention on International Trade in Endangered Species of Wild Fauna and Flora;Biodiversidade - Espécies;1983-04;Gaborone;Gaborone, Botswana;Main regular party meetings (COP, MOP, etc);;;Sim;Sim;Sim
CITES, COP05;Convention on International Trade in Endangered Species of Wild Fauna and Flora;Biodiversidade - Espécies;1985-05;Buenos Aires;Buenos Aires, Argentina;Main regular party meetings (COP, MOP, etc);;;Sim;Sim;Sim
CITES, COP06;Convention on International Trade in Endangered Species of Wild Fauna and Flora;Biodiversidade - Espécies;1987-07;Ottawa;Ottawa, Canada;Main regular party meetings (COP, MOP, etc);;;Sim;Sim;Sim
CITES, COP07;Convention on International Trade in Endangered Species of Wild Fauna and Flora;Biodiversidade - Espécies;1989-10;Lausanne;Lausanne, Switzerland;Main regular party meetings (COP, MOP, etc);;;Sim;Sim;Sim
CITES, COP08;Convention on International Trade in Endangered Species of Wild Fauna and Flora;Biodiversidade - Espécies;1992-03;Kyoto;Kyoto, Japan;Main regular party meetings (COP, MOP, etc);;;Sim;Sim;Sim
CITES, COP09;Convention on International Trade in Endangered Species of Wild Fauna and Flora;Biodiversidade - Espécies;1994-11;Fort Lauderdale;Fort Lauderdale, United States of America;Main regular party meetings (COP, MOP, etc);;;Sim;Sim;Sim
CITES, COP10;Convention on International Trade in Endangered Species of Wild Fauna and Flora;Biodiversidade - Espécies;1997-06;Harare;Harare, Zimbabue;Main regular party meetings (COP, MOP, etc);;;Sim;Sim;Sim
CITES, COP11;Convention on International Trade in Endangered Species of Wild Fauna and Flora;Biodiversidade - Espécies;2000-04;Gigiri;Gigiri, Kenya;Main regular party meetings (COP, MOP, etc);;;Sim;Sim;Sim
CITES, COP12;Convention on International Trade in Endangered Species of Wild Fauna and Flora;Biodiversidade - Espécies;2002-11;Santiago;Santiago, Chile;Main regular party meetings (COP, MOP, etc);;;Sim;Sim;Sim
CITES, COP13;Convention on International Trade in Endangered Species of Wild Fauna and Flora;Biodiversidade - Espécies;2004-10;Bangkok;Bangkok, Thailand;Main regular party meetings (COP, MOP, etc);;;Sim;Sim;Sim
CITES, COP14;Convention on International Trade in Endangered Species of Wild Fauna and Flora;Biodiversidade - Espécies;2007-06;Haia;The Hague, Netherlands;Main regular party meetings (COP, MOP, etc);;;Sim;Sim;Sim
CITES, COP15;Convention on International Trade in Endangered Species of Wild Fauna and Flora;Biodiversidade - Espécies;2010-03;Doha;Doha, Qatar;Main regular party meetings (COP, MOP, etc);;;Sim;Sim;Sim
CITES, COP16;Convention on International Trade in Endangered Species of Wild Fauna and Flora;Biodiversidade - Espécies;2013-03;Bangkok;Bangkok, Thailand;Main regular party meetings (COP, MOP, etc);;;Sim;Sim;Sim
CITES, COP17;Convention on International Trade in Endangered Species of Wild Fauna and Flora;Biodiversidade - Espécies;2016-10;Joanesburgo;Johannesburg, South Africa;Main regular party meetings (COP, MOP, etc);;;Sim;Sim;Sim
CITES, COP18;Convention on International Trade in Endangered Species of Wild Fauna and Flora;Biodiversidade - Espécies;2019-08;Genebra;Geneva, Switzerland;Main regular party meetings (COP, MOP, etc);;;Sim;Sim;Sim
CMS, CONF;Convention on Migratory Species;Biodiversidade - Espécies;1979-10;Bonn;Bonn, Germany;Conference of plenipotentiaries;;;Sim;Sim;Não
CMS, COP01;Convention on Migratory Species;Biodiversidade - Espécies;1985-10;Bonn;Bonn, Germany;Main regular party meetings (COP, MOP, etc);CMS/Inf.1/Ver.2;Brasil era observador. lista dentro dos proceedings https://www.cms.int/en/meetings/conference-of-parties;Sim;Sim;Sim
CMS, COP02;Convention on Migratory Species;Biodiversidade - Espécies;1988-10;Genebra;Geneva, Switzerland;Main regular party meetings (COP, MOP, etc);UNEP/CMS.Conf.2.16;Brasil não foi. nos proceedings (anexos). Site CMS;Sim;Sim;Sim
CMS, COP03;Convention on Migratory Species;Biodiversidade - Espécies;1991-09;Genebra;Geneva, Switzerland;Main regular party meetings (COP, MOP, etc);UNEP/CMS.Conf.3.21;Brasil era observador. nos proceedings (anexos). Site CMS;Sim;Sim;Sim
CMS, COP04;Convention on Migratory Species;Biodiversidade - Espécies;1994-06;Nairobi;Nairobi, Kenya;Main regular party meetings (COP, MOP, etc);UNEP/CMS.Conf.4.16;Brasil não foi. nos proceedings (anexos). Site CMS;Sim;Sim;Sim
CMS, COP05;Convention on Migratory Species;Biodiversidade - Espécies;1997-04;Genebra;Geneva, Switzerland;Main regular party meetings (COP, MOP, etc);;Só tenho proceedings;Sim;Sim;Não
CMS, COP06;Convention on Migratory Species;Biodiversidade - Espécies;1999-11;Cape Town;Cape Town, South Africa;Main regular party meetings (COP, MOP, etc);;;Sim;Sim;Não
CMS, COP07;Convention on Migratory Species;Biodiversidade - Espécies;2002-09;Bonn;Bonn, Germany;Main regular party meetings (COP, MOP, etc);;Brasil observador. Nos proceedings (anexos). Site CMS;Sim;Sim;Sim
CMS, COP08;Convention on Migratory Species;Biodiversidade - Espécies;2005-11;Nairobi;Nairobi, Kenya;Main regular party meetings (COP, MOP, etc);UNEP/CMS;;Sim;Sim;Não
CMS, COP09;Convention on Migratory Species;Biodiversidade - Espécies;2008-12;Roma;Rome, Italy;Main regular party meetings (COP, MOP, etc);UNEP/CMS/COP9/REPORT;Brasil 'other delegations'. Nos proceedings (anexos). Site CMS;Sim;Sim;Sim
CMS, COP10;Convention on Migratory Species;Biodiversidade - Espécies;2011-11;Bergen;Bergen, Norway;Main regular party meetings (COP, MOP, etc);UNEP/CMS/COP10/REPORT;Brasil não participou. Nos proceedings (anexos). Site CMS;Sim;Sim;Sim
CMS, COP11;Convention on Migratory Species;Biodiversidade - Espécies;2014-11;Quito;Quito, Ecuador;Main regular party meetings (COP, MOP, etc);UNEP/CMS/COP11/REPORT;Nos proceedings (anexos). Site CMS;Sim;Sim;Sim
CMS, COP12;Convention on Migratory Species;Biodiversidade - Espécies;2017-10;Manila;Manila, Philippines;Main regular party meetings (COP, MOP, etc);;;Sim;Sim;Não
CMS, COP13;Convention on Migratory Species;Biodiversidade - Espécies;2020-02;Gandhinagar;Gandhinagar, India;Main regular party meetings (COP, MOP, etc);;;Sim;Sim;Não
COFO, 01;FAO Committee on Forestry;Florestas;1972-03;Roma;Rome, Italy;Main regular party meetings (COP, MOP, etc);COFO-72/REP;;Não;Não;Sim
COFO, 02;FAO Committee on Forestry;Florestas;1974-05;Roma;Rome, Italy;Main regular party meetings (COP, MOP, etc);COFO-74/REP;;Não;Não;Sim
COFO, 03;FAO Committee on Forestry;Florestas;1976-11;Roma;Rome, Italy;Main regular party meetings (COP, MOP, etc);COFO-76/REP;;Não;Não;Sim
COFO, 04;FAO Committee on Forestry;Florestas;1978-05;Roma;Rome, Italy;Main regular party meetings (COP, MOP, etc);COFO-78/REP;;Não;Não;Sim
COFO, 05;FAO Committee on Forestry;Florestas;1980-05;Roma;Rome, Italy;Main regular party meetings (COP, MOP, etc);COFO-80/REP;;Não;Não;Sim
COFO, 06;FAO Committee on Forestry;Florestas;1982-05;Roma;Rome, Italy;Main regular party meetings (COP, MOP, etc);COFO-82/REP;;Não;Não;Sim
COFO, 07;FAO Committee on Forestry;Florestas;1984-05;Roma;Rome, Italy;Main regular party meetings (COP, MOP, etc);COFO-84/REP;;Não;Não;Sim
COFO, 08;FAO Committee on Forestry;Florestas;1986-04;Roma;Rome, Italy;Main regular party meetings (COP, MOP, etc);COFO-86/REP;;Não;Não;Sim
COFO, 09;FAO Committee on Forestry;Florestas;1988-05;Roma;Rome, Italy;Main regular party meetings (COP, MOP, etc);COFO-88/REP;;Não;Não;Sim
COFO, 10;FAO Committee on Forestry;Florestas;1990-09;Roma;Rome, Italy;Main regular party meetings (COP, MOP, etc);COFO-90/REP;;Não;Não;Sim
COFO, 11;FAO Committee on Forestry;Florestas;1993-03;Roma;Rome, Italy;Main regular party meetings (COP, MOP, etc);COFO-93/REP;;Não;Não;Sim
COFO, 12;FAO Committee on Forestry;Florestas;1995-03;Roma;Rome, Italy;Main regular party meetings (COP, MOP, etc);COFO-95/REP;;Não;Não;Sim
COFO, 13;FAO Committee on Forestry;Florestas;1997-03;Roma;Rome, Italy;Main regular party meetings (COP, MOP, etc);COFO-97/REP;;Não;Não;Sim
COFO, 14;FAO Committee on Forestry;Florestas;1999-03;Roma;Rome, Italy;Main regular party meetings (COP, MOP, etc);COFO-99;;Não;Não;Não
COFO, 15;FAO Committee on Forestry;Florestas;2001-03;Roma;Rome, Italy;Main regular party meetings (COP, MOP, etc);COFO/2001;;Não;Não;Não
COFO, 16;FAO Committee on Forestry;Florestas;2003-03;Roma;Rome, Italy;Main regular party meetings (COP, MOP, etc);COFO/2003/INF/3;Único link faltando no site foi o dos participantes;Não;Não;Não
COFO, 17;FAO Committee on Forestry;Florestas;2005-03;Roma;Rome, Italy;Main regular party meetings (COP, MOP, etc);COFO 2005/Inf.3;;Não;Não;Sim
COFO, 18;FAO Committee on Forestry;Florestas;2007-03;Roma;Rome, Italy;Main regular party meetings (COP, MOP, etc);COFO 2007;;Não;Não;Sim
COFO, 19;FAO Committee on Forestry;Florestas;2009-03;Roma;Rome, Italy;Main regular party meetings (COP, MOP, etc);COFO2009/Inf.3;Não abriu o link (ftp precisa de senha);Não;Não;Não
COFO, 20;FAO Committee on Forestry;Florestas;2010-10;Roma;Rome, Italy;Main regular party meetings (COP, MOP, etc);COFO2010/Inf.3 ;;Não;Não;Sim
COFO, 21;FAO Committee on Forestry;Florestas;2012-09;Roma;Rome, Italy;Main regular party meetings (COP, MOP, etc);COFO/2012/LOP;;Não;Não;Sim
COFO, 22;FAO Committee on Forestry;Florestas;2014-06;Roma;Rome, Italy;Main regular party meetings (COP, MOP, etc);COFO/2014/Inf.3;;Não;Não;Sim
COFO, 23;FAO Committee on Forestry;Florestas;2016-07;Roma;Rome, Italy;Main regular party meetings (COP, MOP, etc);;;Não;Não;Não
COFO, 24;FAO Committee on Forestry;Florestas;2018-06;Roma;Rome, Italy;Main regular party meetings (COP, MOP, etc);COFO/2018/Inf.4;;Não;Não;Sim
CPM, 01;International Plant Protection Convention;Biodiversidade - Plantas;2006-04;;Rome, Italy;Main regular party meetings (COP, MOP, etc);CPM-1 (2006) / REPORT;;Sim;Sim;Sim
CPM, 02;International Plant Protection Convention;Biodiversidade - Plantas;2007-03;;Rome, Italy;Main regular party meetings (COP, MOP, etc);CPM-2 (2007) / REPORT;;Sim;Sim;Sim
CPM, 03;International Plant Protection Convention;Biodiversidade - Plantas;2008-04;;Rome, Italy;Main regular party meetings (COP, MOP, etc);CPM-3 (2008) / REPORT;;Sim;Sim;Sim
CPM, 04;International Plant Protection Convention;Biodiversidade - Plantas;2009-04;;Rome, Italy;Main regular party meetings (COP, MOP, etc);CPM-4 (2009) / REPORT;;Sim;Sim;Sim
CPM, 05;International Plant Protection Convention;Biodiversidade - Plantas;2010-03;;Rome, Italy;Main regular party meetings (COP, MOP, etc);;;Sim;Sim;Sim
CPM, 06;International Plant Protection Convention;Biodiversidade - Plantas;2011-03;;Rome, Italy;Main regular party meetings (COP, MOP, etc);;;Sim;Sim;Sim
CPM, 07;International Plant Protection Convention;Biodiversidade - Plantas;2012-03;;Rome, Italy;Main regular party meetings (COP, MOP, etc);;;Sim;Sim;Sim
CPM, 08;International Plant Protection Convention;Biodiversidade - Plantas;2013-04;;Rome, Italy;Main regular party meetings (COP, MOP, etc);;;Sim;Sim;Sim
CPM, 09;International Plant Protection Convention;Biodiversidade - Plantas;2014-04;;Rome, Italy;Main regular party meetings (COP, MOP, etc);;;Sim;Sim;Sim
CPM, 10;International Plant Protection Convention;Biodiversidade - Plantas;2015-03;;Rome, Italy;Main regular party meetings (COP, MOP, etc);;;Sim;Sim;Sim
CPM, 11;International Plant Protection Convention;Biodiversidade - Plantas;2016-04;;Rome, Italy;Main regular party meetings (COP, MOP, etc);;;Sim;Sim;Sim
CPM, 12;International Plant Protection Convention;Biodiversidade - Plantas;2017-04;;Incheon, South Korea;Main regular party meetings (COP, MOP, etc);;;Sim;Sim;Sim
CPM, 13;International Plant Protection Convention;Biodiversidade - Plantas;2018-04;;Rome, Italy;Main regular party meetings (COP, MOP, etc);;;Sim;Sim;Sim
CPM, 14;International Plant Protection Convention;Biodiversidade - Plantas;2019-04;;Rome, Italy;Main regular party meetings (COP, MOP, etc);;;Sim;Sim;Sim
CPM, 15;International Plant Protection Convention;Biodiversidade - Plantas;2021-04;;Rome, Italy;Main regular party meetings (COP, MOP, etc);;;Sim;Sim;Sim
GEF Assembly, 1;Global Environmental Facility;Financiamento;1998-04;Nova Delhi;New Delhi, India;Main regular party meetings (COP, MOP, etc);GEF/A.01;https://www.thegef.org/;Não;Não;Não
GEF Assembly, 2;Global Environmental Facility;Financiamento;2002-10;Beijing;Beijing, China;Main regular party meetings (COP, MOP, etc);GEF/A.02;https://www.thegef.org/;Não;Não;Não
GEF Assembly, 3;Global Environmental Facility;Financiamento;2006-08;Cape Town;Cape Town, South Africa;Main regular party meetings (COP, MOP, etc);GEF/A.03;https://www.thegef.org/;Não;Não;Não
GEF Assembly, 4;Global Environmental Facility;Financiamento;2010-05;Punta del Este;Punta del Este, Uruguay;Main regular party meetings (COP, MOP, etc);GEF/A.04;https://www.thegef.org/;Não;Não;Não
GEF Assembly, 5;Global Environmental Facility;Financiamento;2014-05;Cancun;Cancun, Mexico;Main regular party meetings (COP, MOP, etc);GEF/A.05;https://www.thegef.org/;Não;Não;Não
GEF Assembly, 6;Global Environmental Facility;Financiamento;2018-06;Da Nang;Da Nang, Vietnam;Main regular party meetings (COP, MOP, etc);GEF/A.06;https://www.thegef.org/;Não;Não;Não
HNS-OPRC, CONF;Conference on International Co-operation on Preparedness and Response to Pollution Incidents by Hazardous and Noxious Substances;Oceano;2000-05;Londres;London, United Kingdom;Conference of plenipotentiaries;HNS-OPRC/CONF/INF.1;;Não;Não;Sim
ICCD, CONF;UN Convention to Combat Desertification;Desertificação;1994-06;Paris;Paris, France;Conference of plenipotentiaries;;;Sim;Sim;Não
ICCD, COP01;UN Convention to Combat Desertification;Desertificação;1997-10;Roma;Rome, Italy;Main regular party meetings (COP, MOP, etc);;;Sim;Sim;Não
ICCD, COP02;UN Convention to Combat Desertification;Desertificação;1998-12;Dacar;Dakar, Senegal;Main regular party meetings (COP, MOP, etc);ICCD/COP(2);;Sim;Sim;Sim
ICCD, COP03;UN Convention to Combat Desertification;Desertificação;1999-11;Recife;Recife, Brazil;Main regular party meetings (COP, MOP, etc);ICCD/COP(3);;Sim;Sim;Sim
ICCD, COP04;UN Convention to Combat Desertification;Desertificação;2000-12;Bonn;Bonn, Germany;Main regular party meetings (COP, MOP, etc);;;Sim;Sim;Sim
ICCD, COP05;UN Convention to Combat Desertification;Desertificação;2001-12;Genebra;Geneva, Switzerland;Main regular party meetings (COP, MOP, etc);ICCD/COP(5);;Sim;Sim;Sim
ICCD, COP06;UN Convention to Combat Desertification;Desertificação;2003-09;Havana;Havana, Cuba;Main regular party meetings (COP, MOP, etc);;;Sim;Sim;Sim
ICCD, COP07;UN Convention to Combat Desertification;Desertificação;2005-10;Nairobi;Nairobi, Kenya;Main regular party meetings (COP, MOP, etc);;;Sim;Sim;Sim
ICCD, COP08;UN Convention to Combat Desertification;Desertificação;2007-09;Madri;Madrid, Spain;Main regular party meetings (COP, MOP, etc);ICCD/COP(8)/MISC.2;Pre-registered participants;Sim;Sim;Sim
ICCD, COP09;UN Convention to Combat Desertification;Desertificação;2009-10;Buenos Aires;Buenos Aires, Argentina;Main regular party meetings (COP, MOP, etc);ICCD/COP(9)/INF.3;;Sim;Sim;Sim
ICCD, COP10;UN Convention to Combat Desertification;Desertificação;2011-10;Changwon;Changwon, South Korea;Main regular party meetings (COP, MOP, etc);ICCD/COP(10);;Sim;Sim;Sim
ICCD, COP11;UN Convention to Combat Desertification;Desertificação;2013-09;Windhoek;Windhoek, Namibia;Main regular party meetings (COP, MOP, etc);ICCD/COP(11);;Sim;Sim;Sim
ICCD, COP12;UN Convention to Combat Desertification;Desertificação;2015-10;Ankara;Ankara, Turkey;Main regular party meetings (COP, MOP, etc);ICCD/COP(12);;Sim;Sim;Sim
ICCD, COP13;UN Convention to Combat Desertification;Desertificação;2017-09;Ordos;Ordos, China;Main regular party meetings (COP, MOP, etc);ICCD/COP(13);;Sim;Sim;Sim
ICCD, COP14;UN Convention to Combat Desertification;Desertificação;2019-10;Nova Delhi;New Delhi, India;Main regular party meetings (COP, MOP, etc);ICCD/COP(14);;Sim;Sim;Sim
ICCD, COP-ES 01;UN Convention to Combat Desertification;Desertificação;2007-11;Nova Iorque;New York, United States of America;Main regular party meetings (COP, MOP, etc);ICCD/COP(ES-1)/INF.3;Extraordinary Session;Sim;Sim;Sim
ICCD, INC 01;UN Convention to Combat Desertification;Desertificação;1993-06;Nairobi;Nairobi, Kenya;Prep/Negotiation committees (pre-treaty);;;Sim;Sim;Não
ICCD, INC 02;UN Convention to Combat Desertification;Desertificação;1993-09;Genebra;Geneva, Switzerland;Prep/Negotiation committees (pre-treaty);A/AC.241/Inf.2;Intergovernmental Negotiating Committee, não tem informações sobre qual sessão;Sim;Sim;Sim
ICCD, INC 03;UN Convention to Combat Desertification;Desertificação;1994-01;New York;New York, United States of America;Prep/Negotiation committees (pre-treaty);;;Sim;Sim;Não
ICCD, INC 04;UN Convention to Combat Desertification;Desertificação;1994-03;Genebra;Geneva, Switzerland;Prep/Negotiation committees (pre-treaty);A/AC.241/Inf.3;Intergovernmental Negotiating Committee, não tem informações sobre qual sessão;Sim;Sim;Sim
ICCD, INC 05;UN Convention to Combat Desertification;Desertificação;1994-06;Paris;Paris, France;Prep/Negotiation committees (pre-treaty);;;Sim;Sim;Não
ICCD, INC 06;UN Convention to Combat Desertification;Desertificação;1995-01;New York;New York, United States of America;Prep/Negotiation committees (pre-treaty);;;Sim;Sim;Não
ICCD, INC 07;UN Convention to Combat Desertification;Desertificação;1995-08;Nairobi;Nairobi, Kenya;Prep/Negotiation committees (pre-treaty);;;Sim;Sim;Não
ICCD, INC 08;UN Convention to Combat Desertification;Desertificação;1996-06;Genebra;Geneva, Switzerland;Prep/Negotiation committees (pre-treaty);A/AC.241/Misc.4;Intergovernmental Negotiating Committee;Sim;Sim;Sim
ICCD, INC Organizational Session;UN Convention to Combat Desertification;Desertificação;1993-01;New York;New York, United States of America;Prep/Negotiation committees (pre-treaty);;;Sim;Sim;Não
ICCM, 01;International Conference on Chemicals Management;Lixo tóxico e químicos;2006-02;Dubai;Dubai, United Arab Emirates;Main regular party meetings (COP, MOP, etc);SAICM/ICCM.1/INF/6 ;;Sim;Não;Não
ICCM, 02;International Conference on Chemicals Management;Lixo tóxico e químicos;2009-05;Genebra;Geneva, Switzerland;Main regular party meetings (COP, MOP, etc);SAICM/ICCM.2/INF/52;;Sim;Não;Sim
ICCM, 03;International Conference on Chemicals Management;Lixo tóxico e químicos;2012-09;Nairobi;Nairobi, Kenya;Main regular party meetings (COP, MOP, etc);SAICM/ICCM.3/INF/42;;Sim;Não;Sim
ICCM, 04;International Conference on Chemicals Management;Lixo tóxico e químicos;2015-10;Genebra;Geneva, Switzerland;Main regular party meetings (COP, MOP, etc);SAICMM/ICCM.4/INF/38;;Sim;Não;Sim
ICCM, 05;International Conference on Chemicals Management;Lixo tóxico e químicos;2021-07;Bonn;Bonn, Germany;Main regular party meetings (COP, MOP, etc);;;Sim;Não;
ICPM, 01;International Plant Protection Convention;Biodiversidade - Plantas;1998-11;;Rome, Italy;Main regular party meetings (COP, MOP, etc);;Commission on Phytosanitary Measures;Sim;Sim;Sim
ICPM, 02;International Plant Protection Convention;Biodiversidade - Plantas;1999-10;;Rome, Italy;Main regular party meetings (COP, MOP, etc);;;Sim;Sim;Não
ICPM, 03;International Plant Protection Convention;Biodiversidade - Plantas;2001-04;;Rome, Italy;Main regular party meetings (COP, MOP, etc);;;Sim;Sim;Sim
ICPM, 04;International Plant Protection Convention;Biodiversidade - Plantas;2002-04;;Rome, Italy;Main regular party meetings (COP, MOP, etc);;;Sim;Sim;Sim
ICPM, 05;International Plant Protection Convention;Biodiversidade - Plantas;2003-04;;Rome, Italy;Main regular party meetings (COP, MOP, etc);;;Sim;Sim;Sim
ICPM, 06;International Plant Protection Convention;Biodiversidade - Plantas;2004-04;;Rome, Italy;Main regular party meetings (COP, MOP, etc);;;Sim;Sim;Sim
ICPM, 07;International Plant Protection Convention;Biodiversidade - Plantas;2005-04;;Rome, Italy;Main regular party meetings (COP, MOP, etc);;;Sim;Sim;Sim
IMO LEG, CONF01;International Legal Conference on Marine Pollution Damage;Oceano;1969-11;Bruxelas;Brussels, Belgium;Conference of plenipotentiaries;LEG/CONF;Incluído na base Farias e Carmo (555 Conferência Legal Internacional sobre Danos causados pela Poluição do Mar);Não;Não;Sim
Intergovernmental Meeting on Ocean Dumping;London Convention on the Prevention of Marine Pollution by Dumping of Wastes and Other Matter 1972;Oceano;1972-04;Reykjavik;Reykjavik, Iceland;Prep/Negotiation committees (pre-treaty);;;Sim;Não;
ITPGRFA, Governing Body 1;International Treaty on Plant Genetic Resources for Food and Agriculture;Biodiversidade - Plantas;2006-06;Madri;Madrid, Spain;Main regular party meetings (COP, MOP, etc);;;Sim;Sim;Não
ITPGRFA, Governing Body 2;International Treaty on Plant Genetic Resources for Food and Agriculture;Biodiversidade - Plantas;2007-10;Roma;Rome, Italy;Main regular party meetings (COP, MOP, etc);;;Sim;Sim;Não
ITPGRFA, Governing Body 3;International Treaty on Plant Genetic Resources for Food and Agriculture;Biodiversidade - Plantas;2009-06;Tunísia;Tunis, Tunisia;Main regular party meetings (COP, MOP, etc);;;Sim;Sim;Não
ITPGRFA, Governing Body 4;International Treaty on Plant Genetic Resources for Food and Agriculture;Biodiversidade - Plantas;2011-03;Bali;Bali, Indonesia;Main regular party meetings (COP, MOP, etc);;;Sim;Sim;Não
ITPGRFA, Governing Body 5;International Treaty on Plant Genetic Resources for Food and Agriculture;Biodiversidade - Plantas;2013-09;Omã;Muscat, Oman;Main regular party meetings (COP, MOP, etc);;;Sim;Sim;Não
ITPGRFA, Governing Body 6;International Treaty on Plant Genetic Resources for Food and Agriculture;Biodiversidade - Plantas;2015-10;Roma;Rome, Italy;Main regular party meetings (COP, MOP, etc);;;Sim;Sim;Não
ITPGRFA, Governing Body 7;International Treaty on Plant Genetic Resources for Food and Agriculture;Biodiversidade - Plantas;2017-10;Ruanda;Kigali, Rwanda;Main regular party meetings (COP, MOP, etc);;;Sim;Sim;Não
ITPGRFA, Governing Body 8;International Treaty on Plant Genetic Resources for Food and Agriculture;Biodiversidade - Plantas;2019-11;Roma;Rome, Italy;Main regular party meetings (COP, MOP, etc);;;Sim;Sim;Não
ITTC, 01;International Tropical Timber Organization;Florestas;1986-08;;;Main regular party meetings (COP, MOP, etc);ITTC(I);;Não;Não;Não
ITTC, 02;International Tropical Timber Organization;Florestas;1987-03;;;Main regular party meetings (COP, MOP, etc);ITTC(II);;Não;Não;Não
ITTC, 03;International Tropical Timber Organization;Florestas;1987-11;;Yokohama, Japan;Main regular party meetings (COP, MOP, etc);;;Não;Não;Não
ITTC, 04;International Tropical Timber Organization;Florestas;1988-07;;Rio de Janeiro, Brazil;Main regular party meetings (COP, MOP, etc);;;Não;Não;Não
ITTC, 05;International Tropical Timber Organization;Florestas;1988-11;;Yokohama, Japan;Main regular party meetings (COP, MOP, etc);;;Não;Não;Não
ITTC, 06;International Tropical Timber Organization;Florestas;1989-05;;Abidjan, Cote d'Ivoire;Main regular party meetings (COP, MOP, etc);;;Não;Não;Não
ITTC, 07;International Tropical Timber Organization;Florestas;1989-11;;Yokohama, Japan;Main regular party meetings (COP, MOP, etc);;;Não;Não;Não
ITTC, 08;International Tropical Timber Organization;Florestas;1990-05;;Bali, Indonesia;Main regular party meetings (COP, MOP, etc);;;Não;Não;Não
ITTC, 09;International Tropical Timber Organization;Florestas;1990-11;;Yokohama, Japan;Main regular party meetings (COP, MOP, etc);;;Não;Não;Não
ITTC, 10;International Tropical Timber Organization;Florestas;1991-06;;Quito, Ecuador;Main regular party meetings (COP, MOP, etc);;;Não;Não;Não
ITTC, 11;International Tropical Timber Organization;Florestas;1991-12;;Yokohama, Japan;Main regular party meetings (COP, MOP, etc);;;Não;Não;Não
ITTC, 12;International Tropical Timber Organization;Florestas;1992-05;;Yaoundé, Cameroon;Main regular party meetings (COP, MOP, etc);;;Não;Não;Não
ITTC, 13;International Tropical Timber Organization;Florestas;1992-11;;Yokohama, Japan;Main regular party meetings (COP, MOP, etc);;;Não;Não;Não
ITTC, 14;International Tropical Timber Organization;Florestas;1993-05;;Kuala Lumpur, Malaysia;Main regular party meetings (COP, MOP, etc);;;Não;Não;Não
ITTC, 15;International Tropical Timber Organization;Florestas;1993-11;;Yokohama, Japan;Main regular party meetings (COP, MOP, etc);;;Não;Não;Não
ITTC, 16;International Tropical Timber Organization;Florestas;1994-05;;Cartagena, Colombia;Main regular party meetings (COP, MOP, etc);;;Não;Não;Não
ITTC, 17;International Tropical Timber Organization;Florestas;1994-11;;Yokohama, Japan;Main regular party meetings (COP, MOP, etc);;;Não;Não;Não
ITTC, 18;International Tropical Timber Organization;Florestas;1995-05;;Accra, Ghana;Main regular party meetings (COP, MOP, etc);;;Não;Não;Não
ITTC, 19;International Tropical Timber Organization;Florestas;1995-11;;Yokohama, Japan;Main regular party meetings (COP, MOP, etc);;;Não;Não;Não
ITTC, 20;International Tropical Timber Organization;Florestas;1996-05;;Manila, Philippines;Main regular party meetings (COP, MOP, etc);;;Não;Não;Não
ITTC, 21;International Tropical Timber Organization;Florestas;1996-11;;Yokohama, Japan;Main regular party meetings (COP, MOP, etc);;;Não;Não;Não
ITTC, 22;International Tropical Timber Organization;Florestas;1997-05;;Santa Cruz de la Sierra, Bolivia;Main regular party meetings (COP, MOP, etc);;;Não;Não;Não
ITTC, 23;International Tropical Timber Organization;Florestas;1997-12;;Yokohama, Japan;Main regular party meetings (COP, MOP, etc);;;Não;Não;Não
ITTC, 24;International Tropical Timber Organization;Florestas;1998-05;;Libreville, Gabon;Main regular party meetings (COP, MOP, etc);;;Não;Não;Não
ITTC, 25;International Tropical Timber Organization;Florestas;1998-11;;Yokohama, Japan;Main regular party meetings (COP, MOP, etc);;;Não;Não;Não
ITTC, 26;International Tropical Timber Organization;Florestas;1999-06;;Chiang Mai, Thailand;Main regular party meetings (COP, MOP, etc);;;Não;Não;Não
ITTC, 27;International Tropical Timber Organization;Florestas;1999-11;;Yokohama, Japan;Main regular party meetings (COP, MOP, etc);;;Não;Não;Não
ITTC, 28;International Tropical Timber Organization;Florestas;2000-05;;Lima, Peru;Main regular party meetings (COP, MOP, etc);;;Não;Não;Não
ITTC, 29;International Tropical Timber Organization;Florestas;2000-11;;Yokohama, Japan;Main regular party meetings (COP, MOP, etc);;;Não;Não;Não
ITTC, 30;International Tropical Timber Organization;Florestas;2001-06;;Yaoundé, Cameroon;Main regular party meetings (COP, MOP, etc);;;Não;Não;Não
ITTC, 31;International Tropical Timber Organization;Florestas;2001-11;;Yokohama, Japan;Main regular party meetings (COP, MOP, etc);;;Não;Não;Não
ITTC, 32;International Tropical Timber Organization;Florestas;2002-05;;Bali, Indonesia;Main regular party meetings (COP, MOP, etc);;;Não;Não;Não
ITTC, 33;International Tropical Timber Organization;Florestas;2002-11;;Yokohama, Japan;Main regular party meetings (COP, MOP, etc);;;Não;Não;Não
ITTC, 34;International Tropical Timber Organization;Florestas;2003-05;;Panama, Panama;Main regular party meetings (COP, MOP, etc);;;Não;Não;Não
ITTC, 35;International Tropical Timber Organization;Florestas;2003-11;;Yokohama, Japan;Main regular party meetings (COP, MOP, etc);;;Não;Não;Não
ITTC, 36;International Tropical Timber Organization;Florestas;2004-07;;Interlaken, Sweden;Main regular party meetings (COP, MOP, etc);;;Não;Não;Não
ITTC, 37;International Tropical Timber Organization;Florestas;2004-12;;Yokohama, Japan;Main regular party meetings (COP, MOP, etc);;;Não;Não;Não
ITTC, 38;International Tropical Timber Organization;Florestas;2005-06;;Brazaville, Republic of Congo;Main regular party meetings (COP, MOP, etc);;;Não;Não;Não
ITTC, 39;International Tropical Timber Organization;Florestas;2005-11;;Yokohama, Japan;Main regular party meetings (COP, MOP, etc);;;Não;Não;Não
ITTC, 40;International Tropical Timber Organization;Florestas;2006-06;;Mérida, México;Main regular party meetings (COP, MOP, etc);;;Não;Não;Não
ITTC, 41;International Tropical Timber Organization;Florestas;2006-11;;Yokohama, Japan;Main regular party meetings (COP, MOP, etc);;;Não;Não;Não
ITTC, 42;International Tropical Timber Organization;Florestas;2007-05;;Port Moresby, Papua New Guinea;Main regular party meetings (COP, MOP, etc);;;Não;Não;Não
ITTC, 43;International Tropical Timber Organization;Florestas;2007-11;;Yokohama, Japan;Main regular party meetings (COP, MOP, etc);;;Não;Não;Não
ITTC, 44;International Tropical Timber Organization;Florestas;2008-11;;Yokohama, Japan;Main regular party meetings (COP, MOP, etc);;;Não;Não;Não
ITTC, 45;International Tropical Timber Organization;Florestas;2009-11;;Yokohama, Japan;Main regular party meetings (COP, MOP, etc);;;Não;Não;Não
ITTC, 46;International Tropical Timber Organization;Florestas;2010-12;;Yokohama, Japan;Main regular party meetings (COP, MOP, etc);ITTC(XLVI)/24;;Não;Não;Sim
ITTC, 47;International Tropical Timber Organization;Florestas;2011-11;;La Antigua Guatemala, Guatemala;Main regular party meetings (COP, MOP, etc);ITTC(XLVII)/19/Rev.1;;Não;Não;Sim
ITTC, 48;International Tropical Timber Organization;Florestas;2012-11;;Yokohama, Japan;Main regular party meetings (COP, MOP, etc);ITTC(XLVIII)/24;;Não;Não;Sim
ITTC, 49;International Tropical Timber Organization;Florestas;2013-11;;Libreville, Gabon;Main regular party meetings (COP, MOP, etc);ITTC(XLIX)/24;;Não;Não;Sim
ITTC, 50;International Tropical Timber Organization;Florestas;2014-11;;Yokohama, Japan;Main regular party meetings (COP, MOP, etc);ITTC(L)/22;;Não;Não;Sim
ITTC, 51;International Tropical Timber Organization;Florestas;2015-11;;Kuala Lumpur, Malaysia;Main regular party meetings (COP, MOP, etc);ITTC(LI)/21;;Não;Não;Sim
ITTC, 52;International Tropical Timber Organization;Florestas;2016-11;;Yokohama, Japan;Main regular party meetings (COP, MOP, etc);ITTC(LII)/26;;Não;Não;Sim
ITTC, 53;International Tropical Timber Organization;Florestas;2017-12;;Lima, Peru;Main regular party meetings (COP, MOP, etc);ITTC(LIII)/Info.2;;Não;Não;Sim
ITTC, 54;International Tropical Timber Organization;Florestas;2018-11;;Yokohama, Japan;Main regular party meetings (COP, MOP, etc);ITTC(LIV)/Info.2;;Não;Não;Sim
ITTC, 55;International Tropical Timber Organization;Florestas;2019-12;;Lomé, Togo;Main regular party meetings (COP, MOP, etc);ITTC(LV)/Info.2;Brasil não enviou!;Não;Não;Sim
ITTC, 56;International Tropical Timber Organization;Florestas;2020-11;;Virtual session;Main regular party meetings (COP, MOP, etc);ITTC(LVI)/Info.2;;Não;Não;Sim
ITTC, 57;International Tropical Timber Organization;Florestas;2021-12;;Virtual session;Main regular party meetings (COP, MOP, etc);ITTC(LVII)/Info.2;;Não;Não;Sim
ITTC, S01;International Tropical Timber Organization;Florestas;1993-01;;Quito, Ecuador;Main regular party meetings (COP, MOP, etc);ITTC(S-I);First Special Session;Não;Não;Não
ITTC, S02;International Tropical Timber Organization;Florestas;1994-01;;Geneva, Switzerland;Main regular party meetings (COP, MOP, etc);;;Não;Não;Não
IWGMP, 01;London Convention on the Prevention of Marine Pollution by Dumping of Wastes and Other Matter 1972;Oceano;1971-06;Londres;London, United Kingdom;Prep/Negotiation committees (pre-treaty);;Intergovernmental Working Group on Marine Pollution;Sim;Não;Não
IWGMP, 02;London Convention on the Prevention of Marine Pollution by Dumping of Wastes and Other Matter 1972;Oceano;1971-11;Ottawa;Ottawa, Canada;Prep/Negotiation committees (pre-treaty);;Intergovernmental Working Group on Marine Pollution;Sim;Não;Não
LC, 15;London Convention on the Prevention of Marine Pollution by Dumping of Wastes and Other Matter 1972;Oceano;1993;Londres;London, United Kingdom;Main regular party meetings (COP, MOP, etc);;Não foi encontrada lista de participantes. Report no site IMO, mas só países presentes (https://www.imo.org/en/KnowledgeCentre/ConferencesMeetings/Pages/LDC-LC-Reports-of-Consultative-Meetings.aspx);Sim;Não;Não
LC, 16;London Convention on the Prevention of Marine Pollution by Dumping of Wastes and Other Matter 1972;Oceano;1994;Londres;London, United Kingdom;Main regular party meetings (COP, MOP, etc);;Não foi encontrada lista de participantes. Report no site IMO, mas só países presentes (https://www.imo.org/en/KnowledgeCentre/ConferencesMeetings/Pages/LDC-LC-Reports-of-Consultative-Meetings.aspx);Sim;Não;Não
LC, 17;London Convention on the Prevention of Marine Pollution by Dumping of Wastes and Other Matter 1972;Oceano;1995;Londres;London, United Kingdom;Main regular party meetings (COP, MOP, etc);;Não foi encontrada lista de participantes. Report no site IMO, mas só países presentes (https://www.imo.org/en/KnowledgeCentre/ConferencesMeetings/Pages/LDC-LC-Reports-of-Consultative-Meetings.aspx);Sim;Não;Não
LC, 18;London Convention on the Prevention of Marine Pollution by Dumping of Wastes and Other Matter 1972;Oceano;1996;Londres;London, United Kingdom;Main regular party meetings (COP, MOP, etc);;Não foi encontrada lista de participantes. Report no site IMO, mas só países presentes (https://www.imo.org/en/KnowledgeCentre/ConferencesMeetings/Pages/LDC-LC-Reports-of-Consultative-Meetings.aspx);Sim;Não;Não
LC, 19;London Convention on the Prevention of Marine Pollution by Dumping of Wastes and Other Matter 1972;Oceano;1997;Londres;London, United Kingdom;Main regular party meetings (COP, MOP, etc);;Não foi encontrada lista de participantes. Report no site IMO, mas só países presentes (https://www.imo.org/en/KnowledgeCentre/ConferencesMeetings/Pages/LDC-LC-Reports-of-Consultative-Meetings.aspx);Sim;Não;Não
LC, 20;London Convention on the Prevention of Marine Pollution by Dumping of Wastes and Other Matter 1972;Oceano;1998-12;Londres;London, United Kingdom;Main regular party meetings (COP, MOP, etc);LC 20/INF.1;;Sim;Não;Sim
LC, 21;London Convention on the Prevention of Marine Pollution by Dumping of Wastes and Other Matter 1972;Oceano;1999;Londres;London, United Kingdom;Main regular party meetings (COP, MOP, etc);;;Sim;Não;Não
LC, 22;London Convention on the Prevention of Marine Pollution by Dumping of Wastes and Other Matter 1972;Oceano;2000;Londres;London, United Kingdom;Main regular party meetings (COP, MOP, etc);;;Sim;Não;Não
LC, 23;London Convention on the Prevention of Marine Pollution by Dumping of Wastes and Other Matter 1972;Oceano;2001;Londres;London, United Kingdom;Main regular party meetings (COP, MOP, etc);;;Sim;Não;Não
LC, 24;London Convention on the Prevention of Marine Pollution by Dumping of Wastes and Other Matter 1972;Oceano;2002-11;Londres;London, United Kingdom;Main regular party meetings (COP, MOP, etc);;;Sim;Não;Sim
LC, 25;London Convention on the Prevention of Marine Pollution by Dumping of Wastes and Other Matter 1972;Oceano;2003;Londres;London, United Kingdom;Main regular party meetings (COP, MOP, etc);;;Sim;Não;Não
LC, 26;London Convention on the Prevention of Marine Pollution by Dumping of Wastes and Other Matter 1972;Oceano;2004-10;Londres;London, United Kingdom;Main regular party meetings (COP, MOP, etc);;;Sim;Não;Sim
LC, 27;London Convention on the Prevention of Marine Pollution by Dumping of Wastes and Other Matter 1972;Oceano;2005-10;Londres;London, United Kingdom;Main regular party meetings (COP, MOP, etc);;;Sim;Não;Sim
LC, 28;London Convention on the Prevention of Marine Pollution by Dumping of Wastes and Other Matter 1972;Oceano;2006-11;Londres;London, United Kingdom;Main regular party meetings (COP, MOP, etc);;;Sim;Não;Sim
LC, 29;London Convention on the Prevention of Marine Pollution by Dumping of Wastes and Other Matter 1972;Oceano;2007;Londres;London, United Kingdom;Main regular party meetings (COP, MOP, etc);;;Sim;Não;Não
LC, 30;London Convention on the Prevention of Marine Pollution by Dumping of Wastes and Other Matter 1972;Oceano;2008-10;Londres;London, United Kingdom;Main regular party meetings (COP, MOP, etc);;;Sim;Não;Sim
LC, 31;London Convention on the Prevention of Marine Pollution by Dumping of Wastes and Other Matter 1972;Oceano;2009-10;Londres;London, United Kingdom;Main regular party meetings (COP, MOP, etc);;;Sim;Não;Sim
LC, 32;London Convention on the Prevention of Marine Pollution by Dumping of Wastes and Other Matter 1972;Oceano;2010;Londres;London, United Kingdom;Main regular party meetings (COP, MOP, etc);;;Sim;Não;Não
LC, 33;London Convention on the Prevention of Marine Pollution by Dumping of Wastes and Other Matter 1972;Oceano;2011-10;Londres;London, United Kingdom;Main regular party meetings (COP, MOP, etc);;;Sim;Não;Sim
LC, 34;London Convention on the Prevention of Marine Pollution by Dumping of Wastes and Other Matter 1972;Oceano;2012-11;Londres;London, United Kingdom;Main regular party meetings (COP, MOP, etc);;;Sim;Não;Sim
LC, 35;London Convention on the Prevention of Marine Pollution by Dumping of Wastes and Other Matter 1972;Oceano;2013-10;Londres;London, United Kingdom;Main regular party meetings (COP, MOP, etc);;;Sim;Não;Sim
LC, 36;London Convention on the Prevention of Marine Pollution by Dumping of Wastes and Other Matter 1972;Oceano;2014-11;Londres;London, United Kingdom;Main regular party meetings (COP, MOP, etc);LC 36/INF.1;;Sim;Não;Sim
LC, 37;London Convention on the Prevention of Marine Pollution by Dumping of Wastes and Other Matter 1972;Oceano;2015-10;Londres;London, United Kingdom;Main regular party meetings (COP, MOP, etc);LC 37/INF.1;;Sim;Não;Sim
LC, 38;London Convention on the Prevention of Marine Pollution by Dumping of Wastes and Other Matter 1972;Oceano;2016-09;Londres;London, United Kingdom;Main regular party meetings (COP, MOP, etc);LC 38/INF.1;;Sim;Não;Sim
LC, 39;London Convention on the Prevention of Marine Pollution by Dumping of Wastes and Other Matter 1972;Oceano;2017;Londres;London, United Kingdom;Main regular party meetings (COP, MOP, etc);;;Sim;Não;Não
LC, 40;London Convention on the Prevention of Marine Pollution by Dumping of Wastes and Other Matter 1972;Oceano;2018;Londres;London, United Kingdom;Main regular party meetings (COP, MOP, etc);;;Sim;Não;Não
LC, 41;London Convention on the Prevention of Marine Pollution by Dumping of Wastes and Other Matter 1972;Oceano;2019-10;Londres;London, United Kingdom;Main regular party meetings (COP, MOP, etc);LC 41/INF.1;41ST CONSULTATIVE MEETING OF CONTRACTING PARTIES (LONDON CONVENTION 1972) 14TH MEETING OF CONTRACTING PARTIES (LONDON PROTOCOL 1996);Sim;Não;Sim
LC, CONF;London Convention on the Prevention of Marine Pollution by Dumping of Wastes and Other Matter 1972;Oceano;1972-11;Londres;London, United Kingdom;Conference of plenipotentiaries;;(Intergovernmental Conference on the Convention on the Dumping of Wastes at Sea);Sim;Não;Não
LDC, 01;London Convention on the Prevention of Marine Pollution by Dumping of Wastes and Other Matter 1972;Oceano;1975-12;Londres;London, United Kingdom;Main regular party meetings (COP, MOP, etc);;Brasil observador;Sim;Não;Sim
LDC, 02;London Convention on the Prevention of Marine Pollution by Dumping of Wastes and Other Matter 1972;Oceano;1977-09;Londres;London, United Kingdom;Main regular party meetings (COP, MOP, etc);;Não foi encontrada lista de participantes. Report no site IMO, mas só países presentes (https://www.imo.org/en/KnowledgeCentre/ConferencesMeetings/Pages/LDC-LC-Reports-of-Consultative-Meetings.aspx);Sim;Não;Não
LDC, 03;London Convention on the Prevention of Marine Pollution by Dumping of Wastes and Other Matter 1972;Oceano;1978-10;Londres;London, United Kingdom;Main regular party meetings (COP, MOP, etc);;Não foi encontrada lista de participantes. Report no site IMO, mas só países presentes (https://www.imo.org/en/KnowledgeCentre/ConferencesMeetings/Pages/LDC-LC-Reports-of-Consultative-Meetings.aspx);Sim;Não;Não
LDC, 04;London Convention on the Prevention of Marine Pollution by Dumping of Wastes and Other Matter 1972;Oceano;1979-10;Londres;London, United Kingdom;Main regular party meetings (COP, MOP, etc);;Não foi encontrada lista de participantes. Report no site IMO, mas só países presentes (https://www.imo.org/en/KnowledgeCentre/ConferencesMeetings/Pages/LDC-LC-Reports-of-Consultative-Meetings.aspx);Sim;Não;Não
LDC, 05;London Convention on the Prevention of Marine Pollution by Dumping of Wastes and Other Matter 1972;Oceano;1980-09;Londres;London, United Kingdom;Main regular party meetings (COP, MOP, etc);;Não foi encontrada lista de participantes. Report no site IMO, mas só países presentes (https://www.imo.org/en/KnowledgeCentre/ConferencesMeetings/Pages/LDC-LC-Reports-of-Consultative-Meetings.aspx);Sim;Não;Não
LDC, 06;London Convention on the Prevention of Marine Pollution by Dumping of Wastes and Other Matter 1972;Oceano;1981-10;Londres;London, United Kingdom;Main regular party meetings (COP, MOP, etc);;Não foi encontrada lista de participantes. Report no site IMO, mas só países presentes (https://www.imo.org/en/KnowledgeCentre/ConferencesMeetings/Pages/LDC-LC-Reports-of-Consultative-Meetings.aspx);Sim;Não;Não
LDC, 07;London Convention on the Prevention of Marine Pollution by Dumping of Wastes and Other Matter 1972;Oceano;1983-02;Londres;London, United Kingdom;Main regular party meetings (COP, MOP, etc);;Não foi encontrada lista de participantes. Report no site IMO, mas só países presentes (https://www.imo.org/en/KnowledgeCentre/ConferencesMeetings/Pages/LDC-LC-Reports-of-Consultative-Meetings.aspx);Sim;Não;Não
LDC, 08;London Convention on the Prevention of Marine Pollution by Dumping of Wastes and Other Matter 1972;Oceano;1984-02;Londres;London, United Kingdom;Main regular party meetings (COP, MOP, etc);;Não foi encontrada lista de participantes. Report no site IMO, mas só países presentes (https://www.imo.org/en/KnowledgeCentre/ConferencesMeetings/Pages/LDC-LC-Reports-of-Consultative-Meetings.aspx);Sim;Não;Não
LDC, 09;London Convention on the Prevention of Marine Pollution by Dumping of Wastes and Other Matter 1972;Oceano;1985-09;Londres;London, United Kingdom;Main regular party meetings (COP, MOP, etc);;Não foi encontrada lista de participantes. Report no site IMO, mas só países presentes (https://www.imo.org/en/KnowledgeCentre/ConferencesMeetings/Pages/LDC-LC-Reports-of-Consultative-Meetings.aspx);Sim;Não;Não
LDC, 10;London Convention on the Prevention of Marine Pollution by Dumping of Wastes and Other Matter 1972;Oceano;1986-10;Londres;London, United Kingdom;Main regular party meetings (COP, MOP, etc);;Não foi encontrada lista de participantes. Report no site IMO, mas só países presentes (https://www.imo.org/en/KnowledgeCentre/ConferencesMeetings/Pages/LDC-LC-Reports-of-Consultative-Meetings.aspx);Sim;Não;Não
LDC, 11;London Convention on the Prevention of Marine Pollution by Dumping of Wastes and Other Matter 1972;Oceano;1988-10;Londres;London, United Kingdom;Main regular party meetings (COP, MOP, etc);;Não foi encontrada lista de participantes. Report no site IMO, mas só países presentes (https://www.imo.org/en/KnowledgeCentre/ConferencesMeetings/Pages/LDC-LC-Reports-of-Consultative-Meetings.aspx);Sim;Não;Não
LDC, 12;London Convention on the Prevention of Marine Pollution by Dumping of Wastes and Other Matter 1972;Oceano;1989-11;Londres;London, United Kingdom;Main regular party meetings (COP, MOP, etc);;Não foi encontrada lista de participantes. Report no site IMO, mas só países presentes (https://www.imo.org/en/KnowledgeCentre/ConferencesMeetings/Pages/LDC-LC-Reports-of-Consultative-Meetings.aspx);Sim;Não;Não
LDC, 13;London Convention on the Prevention of Marine Pollution by Dumping of Wastes and Other Matter 1972;Oceano;1990-11;Londres;London, United Kingdom;Main regular party meetings (COP, MOP, etc);;Não foi encontrada lista de participantes. Report no site IMO, mas só países presentes (https://www.imo.org/en/KnowledgeCentre/ConferencesMeetings/Pages/LDC-LC-Reports-of-Consultative-Meetings.aspx);Sim;Não;Não
LDC, 14;London Convention on the Prevention of Marine Pollution by Dumping of Wastes and Other Matter 1972;Oceano;1991-11;Londres;London, United Kingdom;Main regular party meetings (COP, MOP, etc);;Não foi encontrada lista de participantes. Report no site IMO, mas só países presentes (https://www.imo.org/en/KnowledgeCentre/ConferencesMeetings/Pages/LDC-LC-Reports-of-Consultative-Meetings.aspx);Sim;Não;Não
IMO LEG, CONF17;International Conference on the Revision of the HNS Convention;Oceano;2010-04;;;Conference of plenipotentiaries;LEG/CONF.17/INF.1;Nome atualizado manualmente na base (antes era só LEG, CONF);;Não;Sim
MARPOL, CONF;International Convention for the Prevention of Pollution from Ships;Oceano;1973-11;;;Conference of plenipotentiaries;MP/CONF/INF.1;http://www.imo.org/en/KnowledgeCentre/ReferencesAndArchives/IMO_Conferences_and_Meetings/MARPOL/MP_CONF_1973/Pages/default.aspx;Sim;Não;Sim
MARPOL, COP01;International Convention for the Prevention of Pollution from Ships;Oceano;1994-11;;;Main regular party meetings (COP, MOP, etc);MP/CONF.2;http://www.imo.org;Sim;Não;
MARPOL, COP02;International Convention for the Prevention of Pollution from Ships;Oceano;1997-09;;;Main regular party meetings (COP, MOP, etc);MP/CONF.3;http://www.imo.org;Sim;Não;
Minamata, CONF;Minamata Convention on Mercury;Lixo tóxico e químicos;2013-10;Kumamoto;Kumamoto, Japan;Conference of plenipotentiaries;;Conference of Plenipotentiaries on the Minamata Convention on Mercury;Sim;Sim;Não
Minamata, CONF-PM;Minamata Convention on Mercury;Lixo tóxico e químicos;2013-10;Kumamoto;Kumamoto, Japan;Prep/Negotiation committees (pre-treaty);;Preparatory Meeting for the Conference of Plenipotentiaries on the Minamata Convention on Mercury;Sim;Sim;Não
Minamata, COP01;Minamata Convention on Mercury;Lixo tóxico e químicos;2017-09;Genebra;Geneva, Switzerland;Main regular party meetings (COP, MOP, etc);UNEP/MC/COP.1/INF/17;;Sim;Sim;Sim
Minamata, COP02;Minamata Convention on Mercury;Lixo tóxico e químicos;2018-11;Genebra;Geneva, Switzerland;Main regular party meetings (COP, MOP, etc);UNEP/MC/COP.2/INF/21;;Sim;Sim;Sim
Minamata, COP03;Minamata Convention on Mercury;Lixo tóxico e químicos;2019-11;Genebra;Geneva, Switzerland;Main regular party meetings (COP, MOP, etc);UNEP/MC/COP.3/INF/28;;Sim;Sim;Sim
Minamata, COP04;Minamata Convention on Mercury;Lixo tóxico e químicos;2021-11;Bali;Bali, Indonesia;Main regular party meetings (COP, MOP, etc);;;Sim;Sim;
Minamata, INC01;Minamata Convention on Mercury;Lixo tóxico e químicos;2010-06;Estocolmo;Stockholm, Sweden;Prep/Negotiation committees (pre-treaty);UNEP(DTIE)/Hg/INC.1;;Sim;Sim;Não
Minamata, INC02;Minamata Convention on Mercury;Lixo tóxico e químicos;2011-01;Chiba;Chiba, Japan;Prep/Negotiation committees (pre-treaty);UNEP(DTIE)/Hg/INC.2/INF/9;;Sim;Sim;Sim
Minamata, INC03;Minamata Convention on Mercury;Lixo tóxico e químicos;2011-11;Nairobi;Nairobi, Kenya;Prep/Negotiation committees (pre-treaty);UNEP(DTIE)/Hg/INC.3/INF/5;;Sim;Sim;Sim
Minamata, INC04;Minamata Convention on Mercury;Lixo tóxico e químicos;2012-07;Punta del Este;Punta del Este, Uruguay;Prep/Negotiation committees (pre-treaty);UNEP(DTIE)/Hg/INC.4/INF/3;;Sim;Sim;Sim
Minamata, INC05;Minamata Convention on Mercury;Lixo tóxico e químicos;2013-01;Genebra;Geneva, Switzerland;Prep/Negotiation committees (pre-treaty);"
UNEP(DTIE)/Hg/INC.5/INF 3/Rev.2";;Sim;Sim;Sim
Minamata, INC06;Minamata Convention on Mercury;Lixo tóxico e químicos;2014-11;Bangkok;Bangkok, Thailand;Prep/Negotiation committees (pre-treaty);UNEP(DTIE)/Hg/INC.6/INF 11/Rev.1 ;;Sim;Sim;Sim
Minamata, INC07;Minamata Convention on Mercury;Lixo tóxico e químicos;2016-03;Dead Sea, Jordan;Dead Sea, Jordan;Prep/Negotiation committees (pre-treaty);UNEP(DTIE)/Hg/INC.7/INF/10;Seventh session of the intergovernmental negotiating committee on mercury;Sim;Sim;Sim
MP, Conf;Montreal Protocol on Substances that Deplete the Ozone Layer;Ozônio;1987-09;Montreal;Montreal, Canada;Conference of plenipotentiaries;;;Sim;Sim;Não
MP, EXMOP01;Montreal Protocol on Substances that Deplete the Ozone Layer;Ozônio;2004-03;Montreal;Montreal, Canada;Main regular party meetings (COP, MOP, etc);UNEP/OzL.Pro.ExMP;;Sim;Sim;Sim
MP, EXMOP02;Montreal Protocol on Substances that Deplete the Ozone Layer;Ozônio;2005-07;Montreal;Montreal, Canada;Main regular party meetings (COP, MOP, etc);UNEP/OzL.Pro.ExMOP/2;;Sim;Sim;Sim
MP, EXMOP03;Montreal Protocol on Substances that Deplete the Ozone Layer;Ozônio;2016-07;Viena;Vienna, Austria;Main regular party meetings (COP, MOP, etc);;;Sim;Sim;Sim
MP, MOP01;Montreal Protocol on Substances that Deplete the Ozone Layer;Ozônio;1989-05;Helsinki;Helsinki, Finland;Main regular party meetings (COP, MOP, etc);UNEP/OzL.Pro.1;Pelo report, Brasil não participou;Sim;Sim;Não
MP, MOP02;Montreal Protocol on Substances that Deplete the Ozone Layer;Ozônio;1990-06;Londres;London, United Kingdom;Main regular party meetings (COP, MOP, etc);UNEP/OzL.Pro.2;UNEP/Ozone;Sim;Sim;Sim
MP, MOP03;Montreal Protocol on Substances that Deplete the Ozone Layer;Ozônio;1991-06;Nairobi;Nairobi, Kenya;Main regular party meetings (COP, MOP, etc);UNEP/OzL.Pro.3;UNEP/Ozone;Sim;Sim;Sim
MP, MOP04;Montreal Protocol on Substances that Deplete the Ozone Layer;Ozônio;1992-11;Copenhagen;Copenhagen, Denmark;Main regular party meetings (COP, MOP, etc);UNEP/OzL.Pro.4;UNEP/Ozone;Sim;Sim;Sim
MP, MOP05;Montreal Protocol on Substances that Deplete the Ozone Layer;Ozônio;1993-11;Bangkok;Bangkok, Thailand;Main regular party meetings (COP, MOP, etc);UNEP/OzL.Pro.5;UNEP/Ozone;Sim;Sim;Sim
MP, MOP06;Montreal Protocol on Substances that Deplete the Ozone Layer;Ozônio;1994-10;Nairobi;Nairobi, Kenya;Main regular party meetings (COP, MOP, etc);UNEP/OzL.Pro.6;UNEP/Ozone;Sim;Sim;Sim
MP, MOP07;Montreal Protocol on Substances that Deplete the Ozone Layer;Ozônio;1995-12;Viena;Vienna, Austria;Main regular party meetings (COP, MOP, etc);UNEP/OzL.Pro.7;UNEP/Ozone;Sim;Sim;Sim
MP, MOP08;Montreal Protocol on Substances that Deplete the Ozone Layer;Ozônio;1996-11;San Jose;San José, Costa Rica;Main regular party meetings (COP, MOP, etc);UNEP/OzL.Pro.8;UNEP/Ozone;Sim;Sim;Sim
MP, MOP09;Montreal Protocol on Substances that Deplete the Ozone Layer;Ozônio;1997-09;Montreal;Montreal, Canada;Main regular party meetings (COP, MOP, etc);UNEP/OzL.Pro.9;UNEP/Ozone. O arquivo foi baixado, mas não veio o texto.;Sim;Sim;Sim
MP, MOP10;Montreal Protocol on Substances that Deplete the Ozone Layer;Ozônio;1998-11;Cairo;Cairo, Egypt;Main regular party meetings (COP, MOP, etc);UNEP/OzL.Pro.10;UNEP/Ozone;Sim;Sim;Sim
MP, MOP11;Montreal Protocol on Substances that Deplete the Ozone Layer;Ozônio;1999-11;Beijing;Beijing, China;Main regular party meetings (COP, MOP, etc);UNEP/OzL.Pro.11;;Sim;Sim;Sim
MP, MOP12;Montreal Protocol on Substances that Deplete the Ozone Layer;Ozônio;2000-12;Ouagadougou;Ouagadougou, Burkina Faso;Main regular party meetings (COP, MOP, etc);UNEP/OzL.Pro.12;;Sim;Sim;Sim
MP, MOP13;Montreal Protocol on Substances that Deplete the Ozone Layer;Ozônio;2001-10;Colombo;Colombo, Sri Lanka;Main regular party meetings (COP, MOP, etc);UNEP/OzL.Pro.13;;Sim;Sim;Sim
MP, MOP14;Montreal Protocol on Substances that Deplete the Ozone Layer;Ozônio;2002-11;Roma;Rome, Italy;Main regular party meetings (COP, MOP, etc);UNEP/OzL.Pro.14;;Sim;Sim;Sim
MP, MOP15;Montreal Protocol on Substances that Deplete the Ozone Layer;Ozônio;2003-11;Nairobi;Nairobi, Kenya;Main regular party meetings (COP, MOP, etc);UNEP/OzL.Pro.15;;Sim;Sim;Sim
MP, MOP16;Montreal Protocol on Substances that Deplete the Ozone Layer;Ozônio;2004-11;Praga;Prague, Czechia;Main regular party meetings (COP, MOP, etc);UNEP/OzL.Pro.16;;Sim;Sim;Sim
MP, MOP17;Montreal Protocol on Substances that Deplete the Ozone Layer;Ozônio;2005-12;Dakar;Dakar, Senegal;Main regular party meetings (COP, MOP, etc);UNEP/OzL.Pro.17;Em conjunto VC COP07 e MP MOP17. Available on request https://unep.ch/ozone/Meeting_Documents/mop/17mop/index.shtml ;Sim;Sim;Sim
MP, MOP18;Montreal Protocol on Substances that Deplete the Ozone Layer;Ozônio;2006-10;Nova Delhi;New Delhi, India;Main regular party meetings (COP, MOP, etc);UNEP/OzL.Pro.18;Available on request;Sim;Sim;Sim
MP, MOP19;Montreal Protocol on Substances that Deplete the Ozone Layer;Ozônio;2007-09;Montreal;Montreal, Canada;Main regular party meetings (COP, MOP, etc);UNEP/OzL.Pro.19;;Sim;Sim;Sim
MP, MOP20;Montreal Protocol on Substances that Deplete the Ozone Layer;Ozônio;2008-11;Doha;Doha, Qatar;Main regular party meetings (COP, MOP, etc);UNEP/OzL.Pro.20;Em conjunto VC COP08 e MP MOP20. Available now https://unep.ch/ozone/Meeting_Documents/mop/20mop/index.shtml;Sim;Sim;Sim
MP, MOP21;Montreal Protocol on Substances that Deplete the Ozone Layer;Ozônio;2009-11;Port Ghalib;Port Ghalib, Egypt;Main regular party meetings (COP, MOP, etc);UNEP/OzL.Pro.21;UNEP/Ozone;Sim;Sim;Sim
MP, MOP22;Montreal Protocol on Substances that Deplete the Ozone Layer;Ozônio;2010-11;Bangkok;Bangkok, Thailand;Main regular party meetings (COP, MOP, etc);UNEP/OzL.Pro.22;;Sim;Sim;Sim
MP, MOP23;Montreal Protocol on Substances that Deplete the Ozone Layer;Ozônio;2011-11;Bali;Bali, Indonesia;Main regular party meetings (COP, MOP, etc);;Em conjunto VC COP09 e MP MOP23;Sim;Sim;Sim
MP, MOP24;Montreal Protocol on Substances that Deplete the Ozone Layer;Ozônio;2012-11;Genebra;Geneva, Switzerland;Main regular party meetings (COP, MOP, etc);UNEP/OzL.Pro.24;;Sim;Sim;Sim
MP, MOP25;Montreal Protocol on Substances that Deplete the Ozone Layer;Ozônio;2013-10;Bangkok;Bangkok, Thailand;Main regular party meetings (COP, MOP, etc);UNEP/OzL.Pro.25/INF/5;;Sim;Sim;Sim
MP, MOP26;Montreal Protocol on Substances that Deplete the Ozone Layer;Ozônio;2014-11;Paris;Paris, France;Main regular party meetings (COP, MOP, etc);;Em conjunto VC COP10 e MP MOP26;Sim;Sim;Sim
MP, MOP27;Montreal Protocol on Substances that Deplete the Ozone Layer;Ozônio;2015-11;Dubai;Dubai, United Arab Emirates;Main regular party meetings (COP, MOP, etc);UNEP/OzL.Pro.27/INF/3a;;Sim;Sim;Sim
MP, MOP28;Montreal Protocol on Substances that Deplete the Ozone Layer;Ozônio;2016-10;Kigali;Kigali, Rwanda;Main regular party meetings (COP, MOP, etc);UNEP/OzL.Pro.28;;Sim;Sim;Sim
MP, MOP29;Montreal Protocol on Substances that Deplete the Ozone Layer;Ozônio;2017-11;Montreal;Montreal, Canada;Main regular party meetings (COP, MOP, etc);;Em conjunto VC COP11 e MP MOP 29. Obtida com secretariado a lista aberta. Consegui baixar, mas PDF está travado com senha. UNEP/Ozone;Sim;Sim;Sim
MP, MOP30;Montreal Protocol on Substances that Deplete the Ozone Layer;Ozônio;2018-11;Quito;Quito, Ecuador;Main regular party meetings (COP, MOP, etc);UNEP/OzL.Pro.30;PDF travado com senha. Descobri que era 'mop30'. UNEP/Ozone;Sim;Sim;Sim
MP, MOP31;Montreal Protocol on Substances that Deplete the Ozone Layer;Ozônio;2019-11;Roma;Rome, Italy;Main regular party meetings (COP, MOP, etc);UNEP/OzL.Pro.31;Consegui baixar, mas PDF está travado com senha. UNEP/Ozone;Sim;Sim;Sim
MP, MOP32;Montreal Protocol on Substances that Deplete the Ozone Layer;Ozônio;2020-11;;Virtual session;Main regular party meetings (COP, MOP, etc);UNEP /OzL.Conv.12(I)/INF/5-UNEP /OzL.Pro.32/INF/9 ;Em conjunto VC COP12 e MP MOP32;Sim;Sim;Senha
OILPOL, CONF62;International Convention for the Prevention of Pollution of the Sea by Oil;Oceano;1962-04;Londres;London, United Kingdom;Conference of plenipotentiaries;;Incluído na base Farias e Carmo (558 Conferência Internacional para a Prevenção da Poluição do Mar por Óleo);Não;Não;Sim
OILPOL, CONF69;International Convention for the Prevention of Pollution of the Sea by Oil;Oceano;1969;;;;;;Não;Não;Não
OILPOL, CONF71;International Convention for the Prevention of Pollution of the Sea by Oil;Oceano;1971-10;;;;;;Não;Não;Não
OPRC, CONF;International Convention on Oil Pollution Preparedness, Response and Co-operation, 1990;Oceano;1990-11;;;Conference of plenipotentiaries;;;;Não;
POPS, CONF;Stockholm Convention on Persistent Organic Pollutants;Lixo tóxico e químicos;2001-05;Estocolmo;Stockholm, Sweden;Conference of plenipotentiaries;UNEP/POPS/CONF/INF/4/Rev.1;;Sim;Sim;Sim
POPS, COP01;Stockholm Convention on Persistent Organic Pollutants;Lixo tóxico e químicos;2005-05;Punta del Este;Punta del Este, Uruguay;Main regular party meetings (COP, MOP, etc);UNEP/POPS/COP.1/INF/32/Rev.1;;Sim;Sim;Sim
POPS, COP02;Stockholm Convention on Persistent Organic Pollutants;Lixo tóxico e químicos;2006-05;Genebra;Geneva, Switzerland;Main regular party meetings (COP, MOP, etc);UNEP/POPS/COP.2/INF/26/Rev.2;LAI 09002.001912/2021-96;Sim;Sim;Sim
POPS, COP03;Stockholm Convention on Persistent Organic Pollutants;Lixo tóxico e químicos;2007-05;Dakar;Dakar, Senegal;Main regular party meetings (COP, MOP, etc);UNEP/POPS/COP.3/INF/34/Rev.1;;Sim;Sim;Sim
POPS, COP04;Stockholm Convention on Persistent Organic Pollutants;Lixo tóxico e químicos;2009-05;Genebra;Geneva, Switzerland;Main regular party meetings (COP, MOP, etc);UNEP/POPS/COP.4/INF/34/Rev.1;;Sim;Sim;Sim
POPS, COP05;Stockholm Convention on Persistent Organic Pollutants;Lixo tóxico e químicos;2011-04;Genebra;Geneva, Switzerland;Main regular party meetings (COP, MOP, etc);UNEP/POPS/COP.5/INF/51;;Sim;Sim;Sim
POPS, INC01;Stockholm Convention on Persistent Organic Pollutants;Lixo tóxico e químicos;1998-06;Montreal;Montreal, Canada;Prep/Negotiation committees (pre-treaty);UNEP/POPS/INC.1/INF15;"http://chm.pops.int
Duplicado no momento";Sim;Sim;Sim
POPS, INC02;Stockholm Convention on Persistent Organic Pollutants;Lixo tóxico e químicos;1999-01;Nairobi;Nairobi, Kenya;Prep/Negotiation committees (pre-treaty);;Duplicado na base no momento (Intergovernmental negotiating committee, session 2);Sim;Sim;Não
POPS, INC03;Stockholm Convention on Persistent Organic Pollutants;Lixo tóxico e químicos;1999-09;Genebra;Geneva, Switzerland;Prep/Negotiation committees (pre-treaty);UNEP/POPS/INC.3/INF/17;http://chm.pops.int;Sim;Sim;Sim
POPS, INC04;Stockholm Convention on Persistent Organic Pollutants;Lixo tóxico e químicos;2000-03;Bonn;Bonn, Germany;Prep/Negotiation committees (pre-treaty);UNEP/POPS/INC.4/INF/11/Rev.1;http://chm.pops.int;Sim;Sim;Sim
POPS, INC05;Stockholm Convention on Persistent Organic Pollutants;Lixo tóxico e químicos;2000-12;Joanesburgo;Johannesburg, South Africa;Prep/Negotiation committees (pre-treaty);UNEP/POPS/INC.5/INF/11/Rev.1;http://chm.pops.int;Sim;Sim;Sim
POPS, INC06;Stockholm Convention on Persistent Organic Pollutants;Lixo tóxico e químicos;2002-06;Genebra;Geneva, Switzerland;Prep/Negotiation committees (pre-treaty);UNEP/POPS/INC.6/INF/29/Rev.1;http://chm.pops.int;Sim;Sim;Sim
POPS, INC07;Stockholm Convention on Persistent Organic Pollutants;Lixo tóxico e químicos;2003-07;Genebra;Geneva, Switzerland;Prep/Negotiation committees (pre-treaty);UNEP/POPS/INC.7/INF/31;http://chm.pops.int;Sim;Sim;Sim
Ramsar, COP01;Ramsar Convention on Wetlands;Biodiversidade - Espécies;1980;;Cagliari, Italy;Main regular party meetings (COP, MOP, etc);;;Sim;Sim;Não
Ramsar, COP02;Ramsar Convention on Wetlands;Biodiversidade - Espécies;1984;;Groningen, Netherlands;Main regular party meetings (COP, MOP, etc);;;Sim;Sim;Não
Ramsar, COP03;Ramsar Convention on Wetlands;Biodiversidade - Espécies;1987;;Regina, Canada;Main regular party meetings (COP, MOP, etc);;;Sim;Sim;Não
Ramsar, COP04;Ramsar Convention on Wetlands;Biodiversidade - Espécies;1990;;Montreux, Switzerland;Main regular party meetings (COP, MOP, etc);;;Sim;Sim;Não
Ramsar, COP05;Ramsar Convention on Wetlands;Biodiversidade - Espécies;1993;;Kushiro, Japan;Main regular party meetings (COP, MOP, etc);;;Sim;Sim;Não
Ramsar, COP06;Ramsar Convention on Wetlands;Biodiversidade - Espécies;1996;;Brisbane, Australia;Main regular party meetings (COP, MOP, etc);;;Sim;Sim;Não
Ramsar, COP07;Ramsar Convention on Wetlands;Biodiversidade - Espécies;1999;;San José, Costa Rica;Main regular party meetings (COP, MOP, etc);;;Sim;Sim;Não
Ramsar, COP08;Ramsar Convention on Wetlands;Biodiversidade - Espécies;2002;;Valencia, Spain;Main regular party meetings (COP, MOP, etc);;;Sim;Sim;Não
Ramsar, COP09;Ramsar Convention on Wetlands;Biodiversidade - Espécies;2005;;Kampala, Uganda;Main regular party meetings (COP, MOP, etc);;;Sim;Sim;Não
Ramsar, COP10;Ramsar Convention on Wetlands;Biodiversidade - Espécies;2008;;Changwon, South Korea;Main regular party meetings (COP, MOP, etc);;;Sim;Sim;Não
Ramsar, COP11;Ramsar Convention on Wetlands;Biodiversidade - Espécies;2012;;Bucharest, Romania;Main regular party meetings (COP, MOP, etc);;;Sim;Sim;Não
Ramsar, COP12;Ramsar Convention on Wetlands;Biodiversidade - Espécies;2015;;Punta del Este, Uruguay;Main regular party meetings (COP, MOP, etc);;;Sim;Sim;Não
Ramsar, COP13;Ramsar Convention on Wetlands;Biodiversidade - Espécies;2018;;Dubai, United Arab Emirates;Main regular party meetings (COP, MOP, etc);;;Sim;Sim;Não
Ramsar, EXCOP01;Ramsar Convention on Wetlands;Biodiversidade - Espécies;1982;;Paris, France;Main regular party meetings (COP, MOP, etc);;;Sim;Sim;Não
Ramsar, EXCOP02;Ramsar Convention on Wetlands;Biodiversidade - Espécies;1987;;Regina, Canada;Main regular party meetings (COP, MOP, etc);;;Sim;Sim;Não
RC, CONF;Rotterdam Convention on the Prior Informed Consent Procedure for Certain Hazardous Chemicals and Pesticides in International Trade;Lixo tóxico e químicos;1998-09;Roterdã;Rotterdam, Netherlands;Conference of plenipotentiaries;UNEP/FAO/PIC/CONF/1/;Conference of Plenipotentiaries on the Convention on Hazardous Chemicals in International Trade;Sim;Sim;Não
RC, COP01;Rotterdam Convention on the Prior Informed Consent Procedure for Certain Hazardous Chemicals and Pesticides in International Trade;Lixo tóxico e químicos;2004-09;Genebra;Geneva, Switzerland;Main regular party meetings (COP, MOP, etc);UNEP/FAO/RC/COP.1;;Sim;Sim;Não
RC, COP02;Rotterdam Convention on the Prior Informed Consent Procedure for Certain Hazardous Chemicals and Pesticides in International Trade;Lixo tóxico e químicos;2005-09;Roma;Rome, Italy;Main regular party meetings (COP, MOP, etc);UNEP/FAO/RC/COP.2;;Sim;Sim;Não
RC, COP03;Rotterdam Convention on the Prior Informed Consent Procedure for Certain Hazardous Chemicals and Pesticides in International Trade;Lixo tóxico e químicos;2006-10;Genebra;Geneva, Switzerland;Main regular party meetings (COP, MOP, etc);UNEP/FAO/RC/COP.3;;Sim;Sim;Não
RC, COP04;Rotterdam Convention on the Prior Informed Consent Procedure for Certain Hazardous Chemicals and Pesticides in International Trade;Lixo tóxico e químicos;2008-10;Roma;Rome, Italy;Main regular party meetings (COP, MOP, etc);UNEP/FAO/RC/COP.4/INF/18/Rev.1;;Sim;Sim;Sim
RC, COP05;Rotterdam Convention on the Prior Informed Consent Procedure for Certain Hazardous Chemicals and Pesticides in International Trade;Lixo tóxico e químicos;2011-06;Genebra;Geneva, Switzerland;Main regular party meetings (COP, MOP, etc);UNEP/FAO/RC/COP.5/INF/19;;Sim;Sim;Sim
RC, INC 01;Rotterdam Convention on the Prior Informed Consent Procedure for Certain Hazardous Chemicals and Pesticides in International Trade;Lixo tóxico e químicos;1996-03;Bruxelas;Brussels, Belgium;Prep/Negotiation committees (pre-treaty);UNEP/FAO/PIC/INC.1/;;Sim;Sim;Não
RC, INC 02;Rotterdam Convention on the Prior Informed Consent Procedure for Certain Hazardous Chemicals and Pesticides in International Trade;Lixo tóxico e químicos;1996-09;Nairobi;Nairobi, Kenya;Prep/Negotiation committees (pre-treaty);;;Sim;Sim;Não
RC, INC 03;Rotterdam Convention on the Prior Informed Consent Procedure for Certain Hazardous Chemicals and Pesticides in International Trade;Lixo tóxico e químicos;1997-05;Genebra;Geneva, Switzerland;Prep/Negotiation committees (pre-treaty);;;Sim;Sim;Não
RC, INC 04;Rotterdam Convention on the Prior Informed Consent Procedure for Certain Hazardous Chemicals and Pesticides in International Trade;Lixo tóxico e químicos;1997-10;Roma;Rome, Italy;Prep/Negotiation committees (pre-treaty);;;Sim;Sim;Não
RC, INC 05;Rotterdam Convention on the Prior Informed Consent Procedure for Certain Hazardous Chemicals and Pesticides in International Trade;Lixo tóxico e químicos;1998-03;Bruxelas;Brussels, Belgium;Prep/Negotiation committees (pre-treaty);;;Sim;Sim;Não
RC, INC 06;Rotterdam Convention on the Prior Informed Consent Procedure for Certain Hazardous Chemicals and Pesticides in International Trade;Lixo tóxico e químicos;1999-07;Roma;Rome, Italy;Prep/Negotiation committees (pre-treaty);;;Sim;Sim;Não
RC, INC 07;Rotterdam Convention on the Prior Informed Consent Procedure for Certain Hazardous Chemicals and Pesticides in International Trade;Lixo tóxico e químicos;2000-11;Genebra;Geneva, Switzerland;Prep/Negotiation committees (pre-treaty);;;Sim;Sim;Não
RC, INC 08;Rotterdam Convention on the Prior Informed Consent Procedure for Certain Hazardous Chemicals and Pesticides in International Trade;Lixo tóxico e químicos;2001-10;Roma;Rome, Italy;Prep/Negotiation committees (pre-treaty);;;Sim;Sim;Não
RC, INC 09;Rotterdam Convention on the Prior Informed Consent Procedure for Certain Hazardous Chemicals and Pesticides in International Trade;Lixo tóxico e químicos;2002-10;Bonn;Bonn, Germany;Prep/Negotiation committees (pre-treaty);;;Sim;Sim;Não
RC, INC 10;Rotterdam Convention on the Prior Informed Consent Procedure for Certain Hazardous Chemicals and Pesticides in International Trade;Lixo tóxico e químicos;2003-11;Genebra;Geneva, Switzerland;Prep/Negotiation committees (pre-treaty);;;Sim;Sim;Não
RC, INC 11;Rotterdam Convention on the Prior Informed Consent Procedure for Certain Hazardous Chemicals and Pesticides in International Trade;Lixo tóxico e químicos;2004-09;Genebra;Geneva, Switzerland;Prep/Negotiation committees (pre-treaty);UNEP/FAO/PIC/INC.11;;Sim;Sim;Não
SRC, CONF;International Convention for the Safe and Environmentally Sound Recycling of Ships;Oceano;2009-05;;;Conference of plenipotentiaries;SR/CONF/INF.1;;;Não;Sim
TSPP, CONF;International Conference on Tanker Safety and Pollution Prevention;Oceano;1978-02;Londres;London, United Kingdom;Conference of plenipotentiaries;TSPP/CONF;protocolo marpol;Não;Não;
UN Ocean Conference 2017;UN Ocean Conference;Oceano;2017-06;Nova Iorque;New York, United States of America;Conference of plenipotentiaries;;United Nations Conference to Support the Implementation of Sustainable Development Goal 14: Conserve and sustainably use the oceans, seas and marine resources for sustainable development;Não;Não;
UN Ocean Conference 2017, Prep Meeting;UN Ocean Conference;Oceano;2017-02;Nova Iorque;New York, United States of America;Prep/Negotiation committees (pre-treaty);;https://oceanconference.un.org;Não;Não;
UN Ocean Conference 2020, Prep Meeting;UN Ocean Conference;Oceano;2020-02;Nova Iorque;New York, United States of America;Prep/Negotiation committees (pre-treaty);;;Não;Não;
UNCED, Conf;UNCED;Grandes conferências ONU;1992-06;Rio de Janeiro;Rio de Janeiro, Brazil;Conference of plenipotentiaries;A/CONF.151/INF/2;A/CONF.151/INF/2 and Add.1-7 Provisional list of delegations https://digitallibrary.un.org/record/200876 ||| Coletei Brasil via LAI porque o arquivo falhou;Não;Sim;Sim
UNCED, Prep Committee, 1;UNCED;Grandes conferências ONU;1990-08;Nairobi;Nairobi, Kenya;Prep/Negotiation committees (pre-treaty);A/CONF.151/PC;UN ODS;Não;Sim;Sim
UNCED, Prep Committee, 2;UNCED;Grandes conferências ONU;1991-04;Genebra;Geneva, Switzerland;Prep/Negotiation committees (pre-treaty);A/CONF.151/PC;UN ODS;Não;Sim;Sim
UNCED, Prep Committee, 3;UNCED;Grandes conferências ONU;1991-09;Genebra;Geneva, Switzerland;Prep/Negotiation committees (pre-treaty);A/CONF.151/PC;UN ODS;Não;Sim;Sim
UNCED, Prep Committee, 4;UNCED;Grandes conferências ONU;1992-04;New York;New York, United States of America;Prep/Negotiation committees (pre-treaty);A/CONF.151/PC;UN ODS;Não;Sim;Sim
UNCHE, Conf;UNCHE;Grandes conferências ONU;1972-06;Estocolmo;Stockholm, Sweden;Conference of plenipotentiaries;A/CONF.48;UN ODS;Não;Sim;Sim
UNCHE, PrepCom 1;UNCHE;Grandes conferências ONU;1970-03;New York;New York, United States of America;Prep/Negotiation committees (pre-treaty);A/Conf.48/PC/6;Brasil não participou;Não;Sim;Sim
UNCHE, PrepCom 2;UNCHE;Grandes conferências ONU;1971-02;Genebra;Geneva, Switzerland;Prep/Negotiation committees (pre-treaty);A/Conf.48/PC.9;;Não;Sim;Não
UNCHE, PrepCom 3;UNCHE;Grandes conferências ONU;1971-09;New York;New York, United States of America;Prep/Negotiation committees (pre-treaty);A/Conf.48/PC.11;;Não;Sim;Não
UNCHE, PrepCom 4;UNCHE;Grandes conferências ONU;1972-03;New York;New York, United States of America;Prep/Negotiation committees (pre-treaty);A/Conf.48/PC.17;;;Sim;Não
UNCSD, Conf;UNCSD;Grandes conferências ONU;2012-06;Rio de Janeiro;Rio de Janeiro, Brazil;Conference of plenipotentiaries;A/CONF.216;UN ODS;Não;Sim;Sim
UNCSD, Prep Committee, 1;UNCSD;Grandes conferências ONU;2010-05;New York;New York, United States of America;Prep/Negotiation committees (pre-treaty);A/CONF.216/PC;UN ODS;Não;Sim;Sim
UNCSD, Prep Committee, 2;UNCSD;Grandes conferências ONU;2011-03;New York;New York, United States of America;Prep/Negotiation committees (pre-treaty);A/CONF.216/PC;UN ODS;Não;Sim;Sim
UNEA, 1;UN Environment Assembly;Governança ambiental;2014-06;Nairobi;Nairobi, Kenya;Main regular party meetings (COP, MOP, etc);UNEP/EA.1;https://environmentassembly.unenvironment.org/;Sim;Não;Não
UNEA, 2;UN Environment Assembly;Governança ambiental;2016-05;Nairobi;Nairobi, Kenya;Main regular party meetings (COP, MOP, etc);UNEP/EA.2/INF/29;No report, diz que o código esq é a lista;Sim;Não;Não
UNEA, 3;UN Environment Assembly;Governança ambiental;2017-12;Nairobi;Nairobi, Kenya;Main regular party meetings (COP, MOP, etc);UNEP/EA.3;"Link no report https://wedocs.unep.org/handle/20.500.11822/22767
a lista está meio desorganizada.";Sim;Não;Sim
UNEA, 4;UN Environment Assembly;Governança ambiental;2019-03;Nairobi;Nairobi, Kenya;Main regular party meetings (COP, MOP, etc);UNEP/EA.4;;Sim;Não;Sim
UNEA, 5.1;UN Environment Assembly;Governança ambiental;2021-02;Nairobi;Nairobi, Kenya;;;;Sim;Não;Não
UNEA, 5.2;UN Environment Assembly;Governança ambiental;2022-03;;;;;;Sim;Não;Não
UNEP GC 01;UNEP Governing Council;Governança ambiental;1973-03;Nairobi;Nairobi, Kenya;Main regular party meetings (COP, MOP, etc);;Participação limitada aos membros do conselho da UNEP;Sim;Não;Não
UNEP GC 02;UNEP Governing Council;Governança ambiental;1974-03;Nairobi;Nairobi, Kenya;Main regular party meetings (COP, MOP, etc);;"Presente na base Farias e Carmo (""Reunião Intergovernamental para a Proteção do Meio Ambiente"", 837)";Sim;Não;Sim
UNEP GC 03;UNEP Governing Council;Governança ambiental;1975-05;Nairobi;Nairobi, Kenya;Main regular party meetings (COP, MOP, etc);;"Presente na base Farias e Carmo  (""III Sessão do Conselho de Administração do Programa das Nações Unidas para o Meio Ambiente"", 850)";Sim;Não;Sim
UNEP GC 04;UNEP Governing Council;Governança ambiental;1976-04;Nairobi;Nairobi, Kenya;Main regular party meetings (COP, MOP, etc);;;Sim;Não;Não
UNEP GC 05;UNEP Governing Council;Governança ambiental;1977-05;Nairobi;Nairobi, Kenya;Main regular party meetings (COP, MOP, etc);;;Sim;Não;Não
UNEP GC 06;UNEP Governing Council;Governança ambiental;1978-05;Nairobi;Nairobi, Kenya;Main regular party meetings (COP, MOP, etc);;;Sim;Não;Não
UNEP GC 07;UNEP Governing Council;Governança ambiental;1979-05;Nairobi;Nairobi, Kenya;Main regular party meetings (COP, MOP, etc);;;Sim;Não;Sim
UNEP GC 08;UNEP Governing Council;Governança ambiental;1980-04;Nairobi;Nairobi, Kenya;Main regular party meetings (COP, MOP, etc);UNEP/GC/8/INF.5;;Sim;Não;Sim
UNEP GC 09;UNEP Governing Council;Governança ambiental;1981-05;Nairobi;Nairobi, Kenya;Main regular party meetings (COP, MOP, etc);;;Sim;Não;Não
UNEP GC 10;UNEP Governing Council;Governança ambiental;1982-05;Nairobi;Nairobi, Kenya;Main regular party meetings (COP, MOP, etc);;;Sim;Não;Não
UNEP GC 11;UNEP Governing Council;Governança ambiental;1983-05;Nairobi;Nairobi, Kenya;Main regular party meetings (COP, MOP, etc);;;Sim;Não;Não
UNEP GC 12;UNEP Governing Council;Governança ambiental;1984-05;Nairobi;Nairobi, Kenya;Main regular party meetings (COP, MOP, etc);;;Sim;Não;Não
UNEP GC 13;UNEP Governing Council;Governança ambiental;1985-05;Nairobi;Nairobi, Kenya;Main regular party meetings (COP, MOP, etc);;;Sim;Não;Não
UNEP GC 14;UNEP Governing Council;Governança ambiental;1987-06;Nairobi;Nairobi, Kenya;Main regular party meetings (COP, MOP, etc);;;Sim;Não;Não
UNEP GC 15;UNEP Governing Council;Governança ambiental;1989-05;Nairobi;Nairobi, Kenya;Main regular party meetings (COP, MOP, etc);;;Sim;Não;Não
UNEP GC 16;UNEP Governing Council;Governança ambiental;1991-05;Nairobi;Nairobi, Kenya;Main regular party meetings (COP, MOP, etc);UNEP/GC.16/Inf.8   ;;Sim;Não;Não
UNEP GC 17;UNEP Governing Council;Governança ambiental;1993-05;Nairobi;Nairobi, Kenya;Main regular party meetings (COP, MOP, etc);;;Sim;Não;Não
UNEP GC 18;UNEP Governing Council;Governança ambiental;1995-05;Nairobi;Nairobi, Kenya;Main regular party meetings (COP, MOP, etc);;;Sim;Não;Não
UNEP GC 19;UNEP Governing Council;Governança ambiental;1997-02;Nairobi;Nairobi, Kenya;Main regular party meetings (COP, MOP, etc);;;Sim;Não;Não
UNEP GC 20;UNEP Governing Council;Governança ambiental;1999-02;Nairobi;Nairobi, Kenya;Main regular party meetings (COP, MOP, etc);;;Sim;Não;Não
UNEP GC 21  / GMEF;Global Ministerial Environmental Forum / UNEP Governing Council;Governança ambiental;2001-02;Nairobi;Nairobi, Kenya;Main regular party meetings (COP, MOP, etc);;;Sim;Não;Não
UNEP GC 22 / GMEF;Global Ministerial Environmental Forum / UNEP Governing Council;Governança ambiental;2003-02;Nairobi;Nairobi, Kenya;Main regular party meetings (COP, MOP, etc);;;Sim;Não;Não
UNEP GC 23 / GMEF;Global Ministerial Environmental Forum / UNEP Governing Council;Governança ambiental;2005-02;Nairobi;Nairobi, Kenya;Main regular party meetings (COP, MOP, etc);UNEP/GC.23/INF/31;;Sim;Não;Não
UNEP GC 24 / GMEF;Global Ministerial Environmental Forum / UNEP Governing Council;Governança ambiental;2007-02;Nairobi;Nairobi, Kenya;Main regular party meetings (COP, MOP, etc);;;Sim;Não;Não
UNEP GC 25 / GMEF;Global Ministerial Environmental Forum / UNEP Governing Council;Governança ambiental;2009-02;Nairobi;Nairobi, Kenya;Main regular party meetings (COP, MOP, etc);UNEP/GC.25/INF/36;;Sim;Não;Não
UNEP GC 26 / GMEF;Global Ministerial Environmental Forum / UNEP Governing Council;Governança ambiental;2011-02;Nairobi;Nairobi, Kenya;Main regular party meetings (COP, MOP, etc); UNEP/GC.26/INF/24;;Sim;Não;Não
UNEP GCSS, 02;UNEP Governing Council;Governança ambiental;1990-08;Nairobi;Nairobi, Kenya;Main regular party meetings (COP, MOP, etc);;;Sim;Não;Não
UNEP GCSS, 03;UNEP Governing Council;Governança ambiental;1992-02;Nairobi;Nairobi, Kenya;Main regular party meetings (COP, MOP, etc);;;Sim;Não;Não
UNEP GCSS, 04;UNEP Governing Council;Governança ambiental;1994-06;Nairobi;Nairobi, Kenya;Main regular party meetings (COP, MOP, etc);;;Sim;Não;Não
UNEP GCSS, 05;UNEP Governing Council;Governança ambiental;1998-05;Nairobi;Nairobi, Kenya;Main regular party meetings (COP, MOP, etc);;;Sim;Não;Não
UNEP GCSS, 06;UNEP Governing Council;Governança ambiental;2000-05;Malmö;Malmö, Sweden;Main regular party meetings (COP, MOP, etc);;;Sim;Não;Não
UNEP GCSS, 07;Global Ministerial Environmental Forum / UNEP Governing Council;Governança ambiental;2002-02;Cartagena;Cartagena, Colombia;Main regular party meetings (COP, MOP, etc);UNEP/GCSS.VII/INF/11/Rev.1;;Sim;Não;Não
UNEP GCSS, 08;Global Ministerial Environmental Forum / UNEP Governing Council;Governança ambiental;2004-03;Jeju (Korea);Jeju, South Korea;Main regular party meetings (COP, MOP, etc);UNEP/GCSS.VIII/INF/8;;Sim;Não;Não
UNEP GCSS, 09;Global Ministerial Environmental Forum / UNEP Governing Council;Governança ambiental;2006-02;Dubai;Dubai, United Arab Emirates;Main regular party meetings (COP, MOP, etc);UNEP/GCSS.IX/INF/16/Rev.1;;Sim;Não;Não
UNEP GCSS, 10;Global Ministerial Environmental Forum / UNEP Governing Council;Governança ambiental;2008-02;Monaco;Monaco;Main regular party meetings (COP, MOP, etc);;;Sim;Não;Não
UNEP GCSS, 11;Global Ministerial Environmental Forum / UNEP Governing Council;Governança ambiental;2010-02;Bali;Bali, Indonesia;Main regular party meetings (COP, MOP, etc);UNEP/GCSS.XI/INF/12;;Sim;Não;Não
UNEP GCSS, 12;Global Ministerial Environmental Forum / UNEP Governing Council;Governança ambiental;2012-02;Nairobi;Nairobi, Kenya;Main regular party meetings (COP, MOP, etc);UNEP/GCSS.XII/INF/11;Special Session;Sim;Não;Não
UNEP GCSS, 01;UNEP Governing Council;Governança ambiental;1988-03;Nairobi;Nairobi, Kenya;Main regular party meetings (COP, MOP, etc);;Nome atualizado manualmente na base (antes UNEP GCSS.I);Sim;Não;Sim
UNEP Universal GC, 1 / GMEF;Global Ministerial Environmental Forum / UNEP Governing Council;Governança ambiental;2013-02;Nairobi;Nairobi, Kenya;Main regular party meetings (COP, MOP, etc);UNEP/GC.27/INF/22;;Sim;Não;Não
UNESCO IOC, A01;UNESCO IOC;Oceano;1961-10;Paris;Paris, France;Main regular party meetings (COP, MOP, etc);;;Não;Não;Sim
UNESCO IOC, A02;UNESCO IOC;Oceano;1962-09;Paris;Paris, France;Main regular party meetings (COP, MOP, etc);UNESCO/NS/180;;Não;Não;Sim
UNESCO IOC, A03;UNESCO IOC;Oceano;1964-06;Paris;Paris, France;Main regular party meetings (COP, MOP, etc);UNESCO/NS/191;;Não;Não;Sim
UNESCO IOC, A04;UNESCO IOC;Oceano;1965-11;Paris;Paris, France;Main regular party meetings (COP, MOP, etc);;;Não;Não;Sim
UNESCO IOC, A05;UNESCO IOC;Oceano;1967-10;Paris;Paris, France;Main regular party meetings (COP, MOP, etc);SC/CS/150;;Não;Não;Sim
UNESCO IOC, A06;UNESCO IOC;Oceano;1969-09;Paris;Paris, France;Main regular party meetings (COP, MOP, etc);SC/MD/19;;Não;Não;Sim
UNESCO IOC, A07;UNESCO IOC;Oceano;1971-11;Paris;Paris, France;Main regular party meetings (COP, MOP, etc);;;Não;Não;Não
UNESCO IOC, A08;UNESCO IOC;Oceano;1973-11;Paris;Paris, France;Main regular party meetings (COP, MOP, etc);;;Não;Não;Sim
UNESCO IOC, A09;UNESCO IOC;Oceano;1975-11;Paris;Paris, France;Main regular party meetings (COP, MOP, etc);;;Não;Não;Sim
UNESCO IOC, A10;UNESCO IOC;Oceano;1977-11;Paris;Paris, France;Main regular party meetings (COP, MOP, etc);;;Não;Não;Sim
UNESCO IOC, A11;UNESCO IOC;Oceano;1979-11;Paris;Paris, France;Main regular party meetings (COP, MOP, etc);;;Não;Não;Sim
UNESCO IOC, A12;UNESCO IOC;Oceano;1982-11;Paris;Paris, France;Main regular party meetings (COP, MOP, etc);;;Não;Não;Sim
UNESCO IOC, A13;UNESCO IOC;Oceano;1985-03;Paris;Paris, France;Main regular party meetings (COP, MOP, etc);;;Não;Não;Sim
UNESCO IOC, A14;UNESCO IOC;Oceano;1987-04;Paris;Paris, France;Main regular party meetings (COP, MOP, etc);;;Não;Não;Sim
UNESCO IOC, A15;UNESCO IOC;Oceano;1989-07;Paris;Paris, France;Main regular party meetings (COP, MOP, etc);;;Não;Não;Sim
UNESCO IOC, A16;UNESCO IOC;Oceano;1991-03;Paris;Paris, France;Main regular party meetings (COP, MOP, etc);;;Não;Não;Sim
UNESCO IOC, A17;UNESCO IOC;Oceano;1993-03;Paris;Paris, France;Main regular party meetings (COP, MOP, etc);;;Não;Não;Sim
UNESCO IOC, A18;UNESCO IOC;Oceano;1995-06;Paris;Paris, France;Main regular party meetings (COP, MOP, etc);;;Não;Não;Sim
UNESCO IOC, A19;UNESCO IOC;Oceano;1997-07;Paris;Paris, France;Main regular party meetings (COP, MOP, etc);;;Não;Não;Não
UNESCO IOC, A20;UNESCO IOC;Oceano;1999-07;Paris;Paris, France;Main regular party meetings (COP, MOP, etc);IOC-XX/3;UNESCO Intergovernmental Oceanographic Commission, Assembly;Não;Não;Sim
UNESCO IOC, A21;UNESCO IOC;Oceano;2001-07;Paris;Paris, France;Main regular party meetings (COP, MOP, etc);IOC-XXI/3;;Não;Não;Sim
UNESCO IOC, A22;UNESCO IOC;Oceano;2003-07;Paris;Paris, France;Main regular party meetings (COP, MOP, etc);IOC-XXII/3;;Não;Não;Sim
UNESCO IOC, A23;UNESCO IOC;Oceano;2005-06;Paris;Paris, France;Main regular party meetings (COP, MOP, etc);IOC-XXIII/3;;Não;Não;Sim
UNESCO IOC, A24;UNESCO IOC;Oceano;2007-06;Paris;Paris, France;Main regular party meetings (COP, MOP, etc);IOC-XXIV/3;;Não;Não;Sim
UNESCO IOC, A25;UNESCO IOC;Oceano;2009-06;Paris;Paris, France;Main regular party meetings (COP, MOP, etc);IOC-XXV/3;;Não;Não;Sim
UNESCO IOC, A26;UNESCO IOC;Oceano;2011-06;Paris;Paris, France;Main regular party meetings (COP, MOP, etc);IOC-XXVI/3;;Não;Não;Sim
UNESCO IOC, A27;UNESCO IOC;Oceano;2013-07;Paris;Paris, France;Main regular party meetings (COP, MOP, etc);IOC-XXVII/3;;Não;Não;Sim
UNESCO IOC, A28;UNESCO IOC;Oceano;2015-06;Paris;Paris, France;Main regular party meetings (COP, MOP, etc);IOC-XXVIII/3;;Não;Não;Sim
UNESCO IOC, A29;UNESCO IOC;Oceano;2017-06;Paris;Paris, France;Main regular party meetings (COP, MOP, etc);IOC-XXIX/3;;Não;Não;Sim
UNESCO IOC, A30;UNESCO IOC;Oceano;2019-07;Paris;Paris, France;Main regular party meetings (COP, MOP, etc);IOC-XXX/3;;Não;Não;Sim
UNESCO IOC, EA1;UNESCO IOC;Oceano;1971-11;Paris;Paris, France;Main regular party meetings (COP, MOP, etc);;;Não;Não;Não
UNESCO WC, EXGA01;UNESCO World Heritage Convention;Biodiversidade - UNESCO;2014-11;Paris;Paris, France;Main regular party meetings (COP, MOP, etc);WHC.14/1EXT.GA;;Sim;Sim;Não
UNESCO WC, GA01;UNESCO World Heritage Convention;Biodiversidade - UNESCO;1976-11;Nairobi;Nairobi, Kenya;Main regular party meetings (COP, MOP, etc);;Brasil não participou;Sim;Sim;Sim
UNESCO WC, GA02;UNESCO World Heritage Convention;Biodiversidade - UNESCO;1978-11;Paris;Paris, France;Main regular party meetings (COP, MOP, etc);;;Sim;Sim;Sim
UNESCO WC, GA03;UNESCO World Heritage Convention;Biodiversidade - UNESCO;1980-10;Belgrado;Belgrade, Serbia;Main regular party meetings (COP, MOP, etc);;;Sim;Sim;Sim
UNESCO WC, GA04;UNESCO World Heritage Convention;Biodiversidade - UNESCO;1983-10;Paris;Paris, France;Main regular party meetings (COP, MOP, etc);CLT-83/CONF.022/6;;Sim;Sim;Sim
UNESCO WC, GA05;UNESCO World Heritage Convention;Biodiversidade - UNESCO;1985-11;Sofia;Sofia, Bulgaria;Main regular party meetings (COP, MOP, etc);CLT-85/CONF.009/5;;Sim;Sim;Sim
UNESCO WC, GA06;UNESCO World Heritage Convention;Biodiversidade - UNESCO;1987-10;Paris;Paris, France;Main regular party meetings (COP, MOP, etc);CC-87/CONF.013/6;;Sim;Sim;Sim
UNESCO WC, GA07;UNESCO World Heritage Convention;Biodiversidade - UNESCO;1989-11;Paris;Paris, France;Main regular party meetings (COP, MOP, etc);CC-89/CONF.013/6;;Sim;Sim;Sim
UNESCO WC, GA08;UNESCO World Heritage Convention;Biodiversidade - UNESCO;1991-11;Paris;Paris, France;Main regular party meetings (COP, MOP, etc);CLT-91/CONF.013/6;;Sim;Sim;Sim
UNESCO WC, GA09;UNESCO World Heritage Convention;Biodiversidade - UNESCO;1993-10;Paris;Paris, France;Main regular party meetings (COP, MOP, etc);WHC-93/CONF.003/6;;Sim;Sim;Não
UNESCO WC, GA10;UNESCO World Heritage Convention;Biodiversidade - UNESCO;1995-11;Paris;Paris, France;Main regular party meetings (COP, MOP, etc);WHC-95/CONF.204/8;;Sim;Sim;Não
UNESCO WC, GA11;UNESCO World Heritage Convention;Biodiversidade - UNESCO;1997-10;Paris;Paris, France;Main regular party meetings (COP, MOP, etc);WHC-97/CONF.005/7;;Sim;Sim;Não
UNESCO WC, GA12;UNESCO World Heritage Convention;Biodiversidade - UNESCO;1999-10;Paris;Paris, France;Main regular party meetings (COP, MOP, etc);;;Sim;Sim;Não
UNESCO WC, GA13;UNESCO World Heritage Convention;Biodiversidade - UNESCO;2001-11;Paris;Paris, France;Main regular party meetings (COP, MOP, etc);WHC.01 /CONF.206 ;;Sim;Sim;Não
UNESCO WC, GA14;UNESCO World Heritage Convention;Biodiversidade - UNESCO;2003-10;Paris;Paris, France;Main regular party meetings (COP, MOP, etc);WHC-03/14.GA;;Sim;Sim;Não
UNESCO WC, GA15;UNESCO World Heritage Convention;Biodiversidade - UNESCO;2005-10;Paris;Paris, France;Main regular party meetings (COP, MOP, etc);WHC-05/15.GA;;Sim;Sim;Não
UNESCO WC, GA16;UNESCO World Heritage Convention;Biodiversidade - UNESCO;2007-10;Paris;Paris, France;Main regular party meetings (COP, MOP, etc);WHC-07/16.GA;;Sim;Sim;Não
UNESCO WC, GA17;UNESCO World Heritage Convention;Biodiversidade - UNESCO;2009-10;Paris;Paris, France;Main regular party meetings (COP, MOP, etc);WHC-09/17.GA/;;Sim;Sim;Não
UNESCO WC, GA18;UNESCO World Heritage Convention;Biodiversidade - UNESCO;2011-11;Paris;Paris, France;Main regular party meetings (COP, MOP, etc);WHC-11/18.GA;;Sim;Sim;Não
UNESCO WC, GA19;UNESCO World Heritage Convention;Biodiversidade - UNESCO;2013-11;Paris;Paris, France;Main regular party meetings (COP, MOP, etc);WHC-13/19.GA;;Sim;Sim;Não
UNESCO WC, GA20;UNESCO World Heritage Convention;Biodiversidade - UNESCO;2015-11;Paris;Paris, France;Main regular party meetings (COP, MOP, etc);WHC-15/20.GA/ ;;Sim;Sim;Sim
UNESCO WC, GA21;UNESCO World Heritage Convention;Biodiversidade - UNESCO;2017-11;Paris;Paris, France;Main regular party meetings (COP, MOP, etc);WHC/17/21.GA/;Brasil não participou. Raspado do site: https://whc.unesco.org/en/sessions/21GA/participants/;Sim;Sim;Sim
UNESCO WC, GA22;UNESCO World Heritage Convention;Biodiversidade - UNESCO;2019-11;Paris;Paris, France;Main regular party meetings (COP, MOP, etc);WHC/19/22.GA/;;Sim;Sim;Não
UNESCO WC, GA23;UNESCO World Heritage Convention;Biodiversidade - UNESCO;2021-11;Paris;Paris, France;Main regular party meetings (COP, MOP, etc);;;Sim;Sim;
UNFCCC, COP01;UNFCCC;Clima;1995-04;Berlim;Berlin, Germany;Main regular party meetings (COP, MOP, etc);FCCC/1995;;Sim;Sim;Sim
UNFCCC, COP02;UNFCCC;Clima;1996-07;Genebra;Geneva, Switzerland;Main regular party meetings (COP, MOP, etc);FCCC/CP/1996;;Sim;Sim;Sim
UNFCCC, COP03;UNFCCC;Clima;1997-12;Kyoto;Kyoto, Japan;Main regular party meetings (COP, MOP, etc);FCCC/CP/1997;Só partes;Sim;Sim;Sim
UNFCCC, COP04;UNFCCC;Clima;1998-11;Buenos Aires;Buenos Aires, Argentina;Main regular party meetings (COP, MOP, etc);FCCC/CP/1998;;Sim;Sim;Sim
UNFCCC, COP05;UNFCCC;Clima;1999-11;Bonn;Bonn, Germany;Main regular party meetings (COP, MOP, etc);FCCC/CP/1999;;Sim;Sim;Sim
UNFCCC, COP06;UNFCCC;Clima;2000-11;Haia;The Hague, Netherlands;Main regular party meetings (COP, MOP, etc);FCCC/CP/2000;Só partes;Sim;Sim;Sim
UNFCCC, COP06-2;UNFCCC;Clima;2001-07;Bonn;Bonn, Germany;Main regular party meetings (COP, MOP, etc);FCCC/CP/2001/Inf.2;;Sim;Sim;Sim
UNFCCC, COP07;UNFCCC;Clima;2001-11;Marrakesh;Marrakesh, Morocco;Main regular party meetings (COP, MOP, etc);FCCC/CP/2001;;Sim;Sim;Sim
UNFCCC, COP08;UNFCCC;Clima;2002-11;Nova Delhi;New Delhi, India;Main regular party meetings (COP, MOP, etc);FCCC/CP/2002;;Sim;Sim;Sim
UNFCCC, COP09;UNFCCC;Clima;2003-12;Milão;Milan, Italy;Main regular party meetings (COP, MOP, etc);FCCC/CP/2003;;Sim;Sim;Sim
UNFCCC, COP10;UNFCCC;Clima;2004-12;Buenos Aires;Buenos Aires, Argentina;Main regular party meetings (COP, MOP, etc);FCCC/CP/2004;;Sim;Sim;Sim
UNFCCC, COP11;UNFCCC;Clima;2005-12;Montreal;Montreal, Canada;Main regular party meetings (COP, MOP, etc);FCCC/CP/2005;;Sim;Sim;Sim
UNFCCC, COP12;UNFCCC;Clima;2006-11;Nairobi;Nairobi, Kenya;Main regular party meetings (COP, MOP, etc);FCCC/CP/2006;;Sim;Sim;Sim
UNFCCC, COP13;UNFCCC;Clima;2007-12;Bali;Bali, Indonesia;Main regular party meetings (COP, MOP, etc);FCCC/CP/2007;;Sim;Sim;Sim
UNFCCC, COP14;UNFCCC;Clima;2008-12;Poznan;Poznań, Poland;Main regular party meetings (COP, MOP, etc);FCCC/CP/2008;;Sim;Sim;Sim
UNFCCC, COP15;UNFCCC;Clima;2009-12;Copenhagen;Copenhagen, Denmark;Main regular party meetings (COP, MOP, etc);FCCC/CP/2009;;Sim;Sim;Sim
UNFCCC, COP16;UNFCCC;Clima;2010-12;Cancun;Cancun, Mexico;Main regular party meetings (COP, MOP, etc);FCCC/CP/2010;;Sim;Sim;Sim
UNFCCC, COP17;UNFCCC;Clima;2011-12;Durban;Durban, South Africa;Main regular party meetings (COP, MOP, etc);FCCC/CP/2011;;Sim;Sim;Sim
UNFCCC, COP18;UNFCCC;Clima;2012-12;Doha;Doha, Qatar;Main regular party meetings (COP, MOP, etc);FCCC/CP/2012;;Sim;Sim;Sim
UNFCCC, COP19;UNFCCC;Clima;2013-11;Varsóvia;Warsaw, Poland;Main regular party meetings (COP, MOP, etc);FCCC/CP/2013;;Sim;Sim;Sim
UNFCCC, COP20;UNFCCC;Clima;2014-12;Lima;Lima, Peru;Main regular party meetings (COP, MOP, etc);FCCC/CP/2014;;Sim;Sim;Sim
UNFCCC, COP21;UNFCCC;Clima;2015-12;Paris;Paris, France;Main regular party meetings (COP, MOP, etc);FCCC/CP/2015;;Sim;Sim;Sim
UNFCCC, COP22;UNFCCC;Clima;2016-11;Marrakesh;Marrakesh, Morocco;Main regular party meetings (COP, MOP, etc);FCCC/CP/2016;;Sim;Sim;Sim
UNFCCC, COP23;UNFCCC;Clima;2017-11;Bonn;Bonn, Germany;Main regular party meetings (COP, MOP, etc);FCCC/CP/2017;;Sim;Sim;Sim
UNFCCC, COP24;UNFCCC;Clima;2018-12;Katowice;Katowice, Poland;Main regular party meetings (COP, MOP, etc);FCCC/CP/2018;;Sim;Sim;Sim
UNFCCC, COP25;UNFCCC;Clima;2019-12;Madri;Madrid, Spain;Main regular party meetings (COP, MOP, etc);FCCC/CP/2019;;Sim;Sim;Sim
UNFCCC, INC01;UNFCCC;Clima;1991-02;Chantilly;Chantilly, United States of America;Prep/Negotiation committees (pre-treaty);A/AC.237/INF.1;;Sim;Sim;Sim
UNFCCC, INC02;UNFCCC;Clima;1991-06;Genebra;Geneva, Switzerland;Prep/Negotiation committees (pre-treaty);A/AC.237/INF.5;;Sim;Sim;Sim
UNFCCC, INC03;UNFCCC;Clima;1991-09;Nairobi;Nairobi, Kenya;Prep/Negotiation committees (pre-treaty);A/AC.237/INF.6;;Sim;Sim;Sim
UNFCCC, INC04;UNFCCC;Clima;1991-12;Genebra;Geneva, Switzerland;Prep/Negotiation committees (pre-treaty);A/AC.237/INF.7;;Sim;Sim;Sim
UNFCCC, INC05-1;UNFCCC;Clima;1992-02;New York;New York, United States of America;Prep/Negotiation committees (pre-treaty);A/AC.237/INF.8;;Sim;Sim;Sim
UNFCCC, INC05-2;UNFCCC;Clima;1992-05;New York;New York, United States of America;Prep/Negotiation committees (pre-treaty);A/AC.237/INF.9;;Sim;Sim;Sim
UNFCCC, INC06;UNFCCC;Clima;1992-12;Genebra;Geneva, Switzerland;Prep/Negotiation committees (pre-treaty);A/AC.237/INF.11;;Sim;Sim;Sim
UNFCCC, INC07;UNFCCC;Clima;1993-03;New York;New York, United States of America;Prep/Negotiation committees (pre-treaty);A/AC.237/INF.13;;Sim;Sim;Sim
UNFCCC, INC08;UNFCCC;Clima;1993-08;Genebra;Geneva, Switzerland;Prep/Negotiation committees (pre-treaty);A/AC.237/INF.14;;Sim;Sim;Sim
UNFCCC, INC09;UNFCCC;Clima;1994-02;Genebra;Geneva, Switzerland;Prep/Negotiation committees (pre-treaty);A/AC.237/Misc.35;;Sim;Sim;Sim
UNFCCC, INC10;UNFCCC;Clima;1994-08;Genebra;Geneva, Switzerland;Prep/Negotiation committees (pre-treaty);A/AC.237/Misc.39;;Sim;Sim;Sim
UNFCCC, INC11;UNFCCC;Clima;1995-02;Genebra;Geneva, Switzerland;Prep/Negotiation committees (pre-treaty);A/AC.237/Misc.47;;Sim;Sim;Sim
UNFF, 01;United Nations Forum on Forests;Florestas;2001-06;Nova Iorque;New York, United States of America;Main regular party meetings (COP, MOP, etc);E/2001/42/Rev.1 E/CN.18/2001/;Órgão subsidiário do Ecosoc, criado pela Resolução 2000/35;Não;Não;Não
UNFF, 02;United Nations Forum on Forests;Florestas;2002-03;Nova Iorque;New York, United States of America;Main regular party meetings (COP, MOP, etc);E/2002/42 E/CN.18/2002/14;(Código é o relatório, mas não tem part list, só países participantes);Não;Não;Não
UNFF, 03;United Nations Forum on Forests;Florestas;2003-06;Genebra;Geneva, Switzerland;Main regular party meetings (COP, MOP, etc);;;Não;Não;Não
UNFF, 04;United Nations Forum on Forests;Florestas;2004-05;Genebra;Geneva, Switzerland;Main regular party meetings (COP, MOP, etc);E/CN.18/2004/INF.2;;Não;Não;Sim
UNFF, 05;United Nations Forum on Forests;Florestas;2005-05;New York;New York, United States of America;Main regular party meetings (COP, MOP, etc);E/CN.18/2005/INF/2;Delegação do Brasil aparece vazia na lista;Não;Não;Sim
UNFF, 06;United Nations Forum on Forests;Florestas;2006-05;New York;New York, United States of America;Main regular party meetings (COP, MOP, etc);E/CN.18/2006/INF/1;Delegação do Brasil aparece vazia na lista;Não;Não;Sim
UNFF, 07;United Nations Forum on Forests;Florestas;2007-05;New York;New York, United States of America;Main regular party meetings (COP, MOP, etc);E/CN.18/2007/INF/1;;Não;Não;Sim
UNFF, 08;United Nations Forum on Forests;Florestas;2009-05;New York;New York, United States of America;Main regular party meetings (COP, MOP, etc);E/CN.18/2009/INF/1;;Não;Não;Sim
UNFF, 09;United Nations Forum on Forests;Florestas;2011-02;Nova Iorque;New York, United States of America;Main regular party meetings (COP, MOP, etc);E/CN.18/2011/INF/1;;Não;Não;Sim
UNFF, 09 Special;United Nations Forum on Forests;Florestas;2009-10;Nova Iorque;New York, United States of America;Main regular party meetings (COP, MOP, etc);;;Não;Não;Não
UNFF, 10;United Nations Forum on Forests;Florestas;2013-04;Istambul;Istambul, Turkey;Main regular party meetings (COP, MOP, etc);E/CN.18/2013/INF/2;;Não;Não;Sim
UNFF, 11;United Nations Forum on Forests;Florestas;2015-05;Nova Iorque;New York, United States of America;Main regular party meetings (COP, MOP, etc);E/CN.18/2015/INF/1;;Não;Não;Sim
UNFF, 12;United Nations Forum on Forests;Florestas;2017-05;Nova Iorque;New York, United States of America;Main regular party meetings (COP, MOP, etc);E/CN.18/2017/INF/1;;Não;Não;Sim
UNFF, 13;United Nations Forum on Forests;Florestas;2018-05;Nova Iorque;New York, United States of America;Main regular party meetings (COP, MOP, etc);E/CN.18/2018/INF/1;;Não;Não;Sim
UNFF, 14;United Nations Forum on Forests;Florestas;2019-05;Nova Iorque;New York, United States of America;Main regular party meetings (COP, MOP, etc);E/CN.18/2019/INF/1;;Não;Não;Sim
UNFF, Organizational Session;United Nations Forum on Forests;Florestas;2001-02;Nova Iorque;New York, United States of America;Prep/Negotiation committees (pre-treaty);E/2001/42/Rev.1 E/CN.18/2001/;(Código é o relatório, mas não tem part list, só países participantes);Não;Não;Não
UNFF, SS 2017;United Nations Forum on Forests;Florestas;2017-01;New York;New York, United States of America;Main regular party meetings (COP, MOP, etc);E/CN.18/SS/2017/2;(Código é o relatório, mas não tem part list, só países participantes);Não;Não;Não
VC, Conf;Vienna Convention for the Protection of the Ozone Layer;Ozônio;1985-03;Viena;Vienna, Austria;Conference of plenipotentiaries;UNEP(092)/Y4;https://ozone.unep.org/meetings ;Sim;Sim;Não
VC, COP01;Vienna Convention for the Protection of the Ozone Layer;Ozônio;1989-04;Helsinki;Helsinki, Finland;Main regular party meetings (COP, MOP, etc);UNEP/OzL.Conv;https://unep.ch/ozone/Meeting_Documents/index.shtml;Sim;Sim;Sim
VC, COP02;Vienna Convention for the Protection of the Ozone Layer;Ozônio;1991-06;Nairobi;Nairobi, Kenya;Main regular party meetings (COP, MOP, etc);UNEP/OzL.Conv;UNEP/Ozone;Sim;Sim;Sim
VC, COP03;Vienna Convention for the Protection of the Ozone Layer;Ozônio;1993-11;Bangkok;Bangkok, Thailand;Main regular party meetings (COP, MOP, etc);UNEP/OzL.Conv;UNEP/Ozone;Sim;Sim;Sim
VC, COP04;Vienna Convention for the Protection of the Ozone Layer;Ozônio;1996-11;San Jose;San José, Costa Rica;Main regular party meetings (COP, MOP, etc);UNEP/OzL.Conv;Checar report;Sim;Sim;Não
VC, COP05;Vienna Convention for the Protection of the Ozone Layer;Ozônio;1999-11;Beijing;Beijing, China;Main regular party meetings (COP, MOP, etc);UNEP/OzL.Conv;UNEP/Ozone;Sim;Sim;Sim
VC, COP06;Vienna Convention for the Protection of the Ozone Layer;Ozônio;2002-11;Roma;Rome, Italy;Main regular party meetings (COP, MOP, etc);UNEP/OzL.Conv;;Sim;Sim;Não
WSSD, Conf;WSSD;Grandes conferências ONU;2002-09;Joanesburgo;Johannesburg, South Africa;Conference of plenipotentiaries;A/CONF.199/INF/2;;Não;Sim;Sim
WSSD, Prep Committee, 1;WSSD;Grandes conferências ONU;2001-05;New York;New York, United States of America;Prep/Negotiation committees (pre-treaty);;;Não;Sim;Não
WSSD, Prep Committee, 2;WSSD;Grandes conferências ONU;2002-02;New York;New York, United States of America;Prep/Negotiation committees (pre-treaty);;;Não;Sim;Não
WSSD, Prep Committee, 3;WSSD;Grandes conferências ONU;2002-04;New York;New York, United States of America;Prep/Negotiation committees (pre-treaty);A/CONF.199/PC;UN ODS;Não;Sim;Sim
WSSD, Prep Committee, 4;WSSD;Grandes conferências ONU;2002-06;Bali;Bali, Indonesia;Prep/Negotiation committees (pre-treaty);;;Não;Sim;Não
